index,price
0,111.38
1,141.09
2,62.1
3,53.24
4,149.97
5,97.09
6,68.72
7,119.16
8,122.97
9,115.43
10,139.3
11,63.04
12,53.25
13,161.68
14,102.12
15,71.99
16,127.18
17,129.37
18,160.4
19,110.5
20,199.51
21,193.63
22,171.97
23,103.3
24,90.14
25,119.98
26,85.68
27,284.72
28,168.69
29,113.99
30,200.16
31,198.94
32,166.54
33,112.67
34,91.21
35,125.41
36,86.5
37,86.09
38,274.39
39,243.21
40,309.19
41,143.25
42,220.71
43,91.18
44,199.68
45,90.86
46,331.4
47,190.01
48,383.6
49,148.9
50,75.49
51,64.27
52,148.44
53,146.88
54,127.74
55,139.0
56,148.77
57,139.66
58,196.26
59,140.53
60,265.99
61,92.81
62,59.47
63,135.11
64,235.66
65,59.9
66,156.52
67,126.02
68,146.3
69,148.33
70,148.41
71,195.14
72,143.87
73,267.51
74,91.22
75,60.36
76,148.81
77,241.47
78,60.79
79,155.58
80,152.5
81,150.52
82,270.58
83,63.55
84,150.64
85,92.52
86,191.75
87,180.95
88,110.72
89,149.2
90,63.62
91,127.25
92,146.93
93,148.3
94,148.6
95,192.55
96,146.22
97,273.07
98,92.16
99,61.72
100,146.8
101,238.4
102,63.33
103,156.43
104,127.8
105,149.0
106,149.44
107,149.48
108,197.09
109,149.05
110,292.72
111,93.0
112,62.78
113,148.73
114,250.29
115,63.18
116,161.1
117,156.23
118,153.51
119,261.57
120,62.9
121,155.08
122,91.4
123,190.9
124,181.82
125,114.9
126,152.71
127,63.34
128,147.84
129,150.56
130,101.34
131,120.85
132,169.15
133,259.11
134,99.73
135,121.25
136,166.31
137,292.08
138,153.65
139,78.5
140,66.55
141,156.95
142,77.58
143,67.14
144,103.33
145,164.72
146,76.59
147,108.75
148,80.04
149,117.34
150,129.5
151,149.0
152,107.21
153,113.15
154,173.38
155,105.89
156,161.45
157,76.37
158,118.02
159,202.86
160,170.02
161,184.27
162,298.27
163,178.97
164,168.99
165,171.83
166,103.11
167,157.62
168,72.27
169,117.92
170,204.77
171,166.57
172,176.88
173,286.02
174,171.51
175,166.69
176,247.46
177,225.73
178,300.58
179,127.11
180,199.34
181,80.49
182,175.4
183,82.52
184,289.17
185,165.04
186,317.85
187,253.81
188,226.36
189,296.44
190,129.85
191,194.91
192,80.59
193,176.2
194,82.31
195,288.66
196,173.79
197,357.81
198,253.44
199,230.26
200,293.06
201,129.13
202,199.82
203,81.92
204,177.7
205,83.47
206,314.17
207,177.45
208,353.11
209,258.37
210,233.08
211,299.74
212,133.57
213,204.02
214,82.41
215,185.11
216,86.88
217,288.52
218,168.54
219,349.84
220,189.08
221,82.35
222,196.18
223,336.99
224,331.45
225,331.15
226,135.83
227,135.15
228,330.6
229,328.46
230,196.61
231,82.7
232,79.04
233,120.82
234,78.73
235,173.53
236,89.44
237,82.2
238,95.61
239,94.03
240,195.07
241,78.08
242,123.27
243,80.08
244,178.85
245,91.05
246,83.79
247,95.17
248,93.04
249,196.37
250,98.91
251,368.82
252,108.02
253,244.1
254,112.83
255,139.32
256,62.7
257,52.7
258,148.61
259,102.27
260,69.23
261,119.63
262,122.82
263,115.44
264,140.61
265,62.71
266,52.69
267,161.76
268,102.17
269,72.22
270,126.43
271,129.4
272,114.04
273,140.77
274,63.27
275,52.95
276,185.41
277,104.18
278,71.99
279,130.02
280,128.07
281,53.03
282,206.41
283,107.56
284,218.19
285,124.2
286,124.2
287,133.1
288,119.9
289,172.13
290,303.83
291,74.44
292,232.74
293,128.46
294,135.54
295,131.45
296,122.16
297,183.89
298,313.81
299,75.27
300,275.43
301,276.28
302,174.46
303,268.4
304,124.28
305,300.14
306,191.88
307,131.92
308,87.35
309,93.31
310,67.18
311,45.32
312,88.84
313,92.62
314,94.59
315,68.17
316,44.89
317,89.63
318,93.6
319,105.36
320,68.82
321,45.82
322,88.66
323,105.16
324,280.15
325,162.91
326,113.35
327,195.22
328,194.02
329,166.15
330,107.12
331,87.45
332,124.0
333,84.62
334,82.91
335,78.55
336,122.85
337,80.3
338,174.97
339,90.37
340,84.07
341,93.42
342,91.58
343,194.56
344,113.6
345,138.05
346,62.76
347,52.92
348,184.82
349,100.67
350,71.99
351,128.86
352,127.54
353,86.62
354,71.95
355,100.38
356,41.91
357,116.36
358,144.93
359,65.03
360,57.69
361,153.95
362,101.58
363,72.94
364,124.0
365,126.49
366,97.2
367,375.62
368,110.4
369,255.8
370,84.2
371,85.86
372,131.39
373,63.37
374,61.47
375,91.64
376,84.5
377,86.07
378,60.11
379,65.02
380,151.48
381,149.67
382,275.37
383,63.71
384,149.82
385,96.47
386,196.0
387,181.66
388,113.34
389,150.35
390,63.77
391,105.68
392,166.0
393,76.26
394,110.26
395,80.54
396,117.04
397,129.09
398,152.24
399,108.36
400,124.41
401,106.97
402,331.88
403,131.89
404,114.71
405,78.82
406,207.67
407,329.78
408,189.62
409,190.27
410,316.39
411,292.27
412,185.64
413,374.11
414,352.5
415,183.39
416,125.23
417,123.8
418,123.74
419,112.38
420,164.39
421,261.22
422,68.27
423,258.49
424,266.69
425,270.36
426,127.69
427,203.42
428,81.56
429,166.47
430,80.26
431,285.47
432,180.71
433,302.95
434,82.98
435,84.84
436,135.18
437,62.31
438,85.91
439,82.97
440,84.74
441,60.67
442,157.3
443,154.2
444,266.75
445,61.97
446,156.27
447,94.72
448,194.94
449,182.96
450,115.8
451,156.41
452,62.12
453,86.42
454,46.53
455,157.3
456,154.25
457,267.06
458,63.2
459,156.27
460,94.77
461,194.94
462,183.54
463,115.01
464,156.47
465,63.44
466,79.58
467,40.2
468,44.13
469,86.73
470,71.35
471,98.29
472,41.89
473,83.35
474,85.22
475,132.26
476,63.17
477,60.86
478,89.55
479,83.31
480,85.62
481,59.82
482,64.82
483,258.77
484,231.35
485,296.92
486,130.85
487,199.84
488,82.19
489,182.96
490,84.93
491,298.56
492,180.31
493,368.32
494,173.34
495,105.73
496,164.56
497,75.97
498,120.37
499,206.59
500,175.14
501,181.78
502,297.99
503,175.04
504,170.72
505,146.75
506,147.45
507,90.52
508,64.52
509,39.82
510,85.75
511,92.04
512,194.14
513,122.0
514,122.0
515,127.7
516,111.82
517,165.39
518,271.13
519,68.3
520,191.38
521,82.62
522,200.48
523,346.23
524,342.07
525,346.61
526,137.6
527,140.12
528,346.07
529,333.1
530,200.24
531,82.53
532,114.25
533,140.3
534,213.44
535,133.71
536,219.69
537,173.17
538,82.05
539,183.65
540,258.84
541,234.78
542,296.35
543,132.75
544,208.27
545,84.12
546,184.07
547,85.49
548,328.94
549,183.06
550,366.22
551,146.3
552,144.23
553,271.32
554,64.0
555,145.12
556,92.53
557,193.9
558,180.64
559,107.89
560,145.39
561,64.0
562,112.82
563,115.82
564,58.73
565,135.81
566,151.93
567,61.92
568,58.85
569,83.8
570,85.28
571,135.05
572,64.81
573,62.29
574,90.93
575,83.82
576,86.25
577,60.47
578,65.34
579,96.16
580,375.66
581,108.77
582,255.49
583,112.36
584,139.21
585,206.92
586,128.96
587,242.66
588,173.29
589,77.99
590,187.13
591,87.28
592,77.05
593,101.62
594,41.11
595,88.3
596,45.19
597,49.23
598,94.72
599,77.58
600,103.1
601,44.95
602,101.53
603,118.8
604,164.18
605,264.78
606,188.9
607,88.2
608,197.17
609,325.09
610,268.33
611,321.71
612,131.86
613,131.6
614,331.89
615,299.8
616,189.25
617,82.12
618,113.27
619,138.78
620,213.39
621,126.03
622,218.65
623,172.26
624,80.34
625,183.02
626,91.18
627,64.69
628,43.0
629,85.24
630,91.19
631,96.87
632,62.87
633,41.88
634,83.83
635,96.8
636,148.92
637,147.45
638,257.58
639,63.14
640,147.72
641,91.76
642,188.42
643,181.94
644,110.34
645,146.92
646,63.56
647,94.04
648,368.43
649,103.11
650,237.34
651,264.96
652,238.68
653,321.57
654,143.07
655,220.24
656,87.55
657,193.18
658,90.22
659,313.13
660,188.96
661,387.85
662,160.4
663,108.28
664,185.3
665,182.4
666,155.69
667,103.06
668,85.92
669,119.61
670,82.51
671,105.4
672,167.9
673,76.04
674,110.3
675,80.31
676,117.64
677,130.09
678,152.38
679,107.34
680,126.02
681,96.59
682,74.46
683,107.55
684,46.54
685,324.59
686,336.25
687,322.87
688,323.05
689,340.46
690,333.08
691,225.78
692,237.46
693,316.57
694,323.78
695,151.32
696,149.55
697,271.66
698,63.4
699,149.89
700,94.91
701,196.38
702,182.94
703,111.46
704,149.26
705,63.49
706,114.1
707,140.39
708,213.44
709,133.52
710,219.69
711,172.07
712,81.24
713,183.65
714,198.05
715,87.82
716,200.54
717,306.99
718,280.87
719,304.21
720,131.96
721,133.92
722,339.28
723,310.53
724,204.46
725,86.95
726,149.49
727,154.21
728,104.15
729,168.76
730,75.59
731,109.66
732,80.02
733,117.24
734,130.09
735,151.8
736,107.13
737,127.92
738,128.5
739,147.27
740,148.53
741,149.04
742,196.43
743,146.81
744,283.75
745,93.41
746,59.89
747,147.07
748,246.55
749,60.1
750,160.4
751,346.86
752,397.33
753,345.55
754,345.55
755,364.85
756,353.88
757,230.6
758,249.46
759,331.06
760,344.11
761,151.78
762,149.64
763,269.83
764,271.98
765,167.32
766,265.14
767,120.03
768,297.75
769,183.54
770,131.66
771,83.38
772,255.0
773,255.0
774,175.66
775,270.37
776,115.08
777,341.63
778,176.4
779,122.24
780,79.77
781,246.36
782,246.64
783,168.23
784,271.44
785,111.94
786,282.54
787,176.49
788,123.88
789,79.44
790,155.64
791,78.24
792,66.98
793,74.61
794,116.49
795,78.25
796,161.91
797,85.95
798,80.89
799,91.2
800,91.9
801,190.98
802,86.04
803,71.5
804,96.87
805,41.89
806,180.38
807,112.43
808,152.69
809,132.17
810,263.41
811,263.41
812,183.57
813,282.61
814,119.1
815,356.16
816,185.69
817,127.56
818,82.91
819,185.16
820,119.42
821,119.42
822,127.92
823,109.45
824,163.96
825,258.96
826,68.19
827,148.54
828,147.01
829,267.83
830,58.35
831,146.98
832,90.22
833,191.65
834,177.65
835,111.4
836,146.97
837,58.9
838,157.85
839,148.8
840,112.33
841,169.53
842,110.68
843,169.38
844,149.51
845,139.96
846,55.47
847,212.81
848,111.3
849,189.1
850,81.25
851,195.44
852,401.38
853,349.3
854,331.38
855,133.29
856,132.75
857,330.93
858,331.83
859,195.87
860,82.7
861,106.59
862,332.49
863,129.87
864,114.97
865,78.92
866,208.14
867,330.38
868,188.68
869,185.39
870,315.83
871,293.55
872,185.87
873,374.46
874,349.17
875,233.31
876,131.83
877,137.69
878,136.69
879,122.92
880,183.08
881,317.0
882,75.94
883,253.4
884,226.17
885,298.68
886,130.81
887,201.88
888,81.36
889,181.05
890,83.59
891,300.27
892,180.64
893,361.86
894,153.08
895,143.6
896,110.89
897,161.04
898,105.6
899,160.61
900,139.64
901,139.3
902,325.74
903,260.7
904,327.07
905,327.87
906,345.92
907,273.05
908,222.92
909,239.1
910,313.13
911,326.58
912,107.2
913,326.34
914,132.07
915,112.79
916,78.22
917,205.95
918,318.81
919,190.81
920,186.94
921,301.85
922,280.56
923,186.32
924,360.27
925,349.77
926,327.76
927,262.11
928,328.99
929,329.4
930,346.11
931,270.79
932,224.76
933,239.15
934,311.86
935,326.53
936,192.86
937,87.77
938,201.85
939,349.92
940,357.36
941,363.29
942,140.12
943,141.66
944,362.71
945,339.56
946,201.68
947,88.34
948,278.95
949,162.42
950,108.05
951,191.93
952,188.63
953,160.7
954,106.52
955,86.9
956,124.53
957,86.01
958,81.7
959,147.77
960,73.89
961,63.13
962,172.58
963,113.51
964,154.25
965,125.04
966,69.4
967,128.7
968,96.13
969,153.41
970,77.31
971,69.75
972,70.86
973,94.3
974,117.82
975,163.76
976,263.6
977,91.74
978,62.38
979,41.79
980,83.67
981,90.64
982,339.41
983,344.15
984,341.31
985,333.42
986,349.71
987,346.0
988,227.26
989,246.5
990,316.92
991,330.13
992,181.02
993,105.72
994,164.53
995,75.82
996,121.54
997,213.57
998,178.54
999,183.5
1000,303.6
1001,180.94
1002,177.55
1003,339.56
1004,349.26
1005,339.88
1006,337.44
1007,360.93
1008,350.96
1009,230.44
1010,247.1
1011,330.52
1012,342.43
1013,151.12
1014,150.38
1015,150.73
1016,76.02
1017,65.59
1018,182.57
1019,123.74
1020,122.03
1021,122.91
1022,110.83
1023,164.2
1024,259.44
1025,68.4
1026,101.49
1027,120.91
1028,170.33
1029,270.36
1030,156.51
1031,101.73
1032,75.22
1033,109.27
1034,121.49
1035,143.525
1036,100.98
1037,121.64
1038,317.61
1039,329.56
1040,317.25
1041,315.19
1042,334.2
1043,326.16
1044,212.77
1045,231.36
1046,306.71
1047,320.23
1048,326.17
1049,379.17
1050,324.93
1051,324.93
1052,340.05
1053,334.71
1054,224.35
1055,235.36
1056,313.22
1057,322.12
1058,153.62
1059,151.69
1060,272.07
1061,63.01
1062,153.31
1063,94.61
1064,192.35
1065,182.52
1066,114.64
1067,151.93
1068,63.1
1069,326.94
1070,347.13
1071,326.06
1072,323.82
1073,359.42
1074,348.42
1075,227.01
1076,245.74
1077,328.29
1078,339.67
1079,182.59
1080,113.1
1081,156.78
1082,131.31
1083,257.97
1084,266.72
1085,270.98
1086,127.81
1087,203.71
1088,81.59
1089,166.35
1090,80.46
1091,286.17
1092,180.42
1093,303.1
1094,200.51
1095,92.8
1096,205.35
1097,353.38
1098,359.83
1099,366.87
1100,149.44
1101,149.31
1102,366.58
1103,350.91
1104,205.39
1105,91.22
1106,151.27
1107,149.49
1108,271.66
1109,63.4
1110,149.89
1111,95.0
1112,195.42
1113,182.74
1114,111.3
1115,149.14
1116,63.49
1117,148.32
1118,147.24
1119,267.74
1120,58.64
1121,146.96
1122,90.04
1123,193.03
1124,178.05
1125,109.56
1126,149.47
1127,58.98
1128,105.51
1129,166.22
1130,75.99
1131,110.41
1132,80.44
1133,116.99
1134,128.03
1135,152.35
1136,108.36
1137,124.13
1138,117.77
1139,142.86
1140,66.32
1141,57.84
1142,160.16
1143,106.38
1144,76.36
1145,124.45
1146,129.92
1147,156.72
1148,154.37
1149,273.58
1150,63.43
1151,156.16
1152,95.85
1153,194.21
1154,182.9
1155,115.48
1156,153.54
1157,63.54
1158,93.77
1159,66.84
1160,45.07
1161,89.14
1162,92.64
1163,57.26
1164,214.39
1165,111.35
1166,57.07
1167,217.17
1168,111.47
1169,151.57
1170,149.62
1171,274.93
1172,63.01
1173,149.61
1174,95.6
1175,195.57
1176,181.46
1177,112.74
1178,149.97
1179,63.08
1180,103.77
1181,168.91
1182,76.53
1183,109.84
1184,81.37
1185,120.8
1186,130.84
1187,149.85
1188,107.43
1189,114.53
1190,318.52
1191,374.7
1192,316.93
1193,316.93
1194,336.19
1195,326.64
1196,216.34
1197,230.4
1198,306.54
1199,322.24
1200,156.12
1201,144.46
1202,109.26
1203,163.1
1204,107.73
1205,163.1
1206,145.75
1207,139.52
1208,111.29
1209,137.3
1210,214.2
1211,123.64
1212,217.65
1213,173.98
1214,80.68
1215,176.46
1216,96.65
1217,62.77
1218,41.88
1219,83.24
1220,94.56
1221,56.09
1222,207.12
1223,110.28
1224,125.09
1225,146.82
1226,148.15
1227,148.51
1228,192.26
1229,146.31
1230,272.18
1231,91.06
1232,58.01
1233,146.38
1234,236.07
1235,58.84
1236,157.42
1237,249.11
1238,258.49
1239,265.6
1240,124.56
1241,199.92
1242,80.36
1243,163.31
1244,79.38
1245,282.63
1246,177.85
1247,295.85
1248,267.51
1249,267.48
1250,186.47
1251,286.88
1252,120.74
1253,296.72
1254,188.12
1255,129.0
1256,83.47
1257,107.0
1258,171.72
1259,79.44
1260,113.59
1261,82.11
1262,122.51
1263,133.29
1264,157.08
1265,110.79
1266,135.66
1267,108.61
1268,282.84
1269,129.51
1270,118.45
1271,76.86
1272,229.37
1273,268.01
1274,198.81
1275,184.07
1276,282.03
1277,270.51
1278,197.67
1279,282.87
1280,327.22
1281,97.21
1282,373.76
1283,110.37
1284,254.76
1285,339.57
1286,252.61
1287,340.57
1288,340.57
1289,357.85
1290,264.68
1291,228.58
1292,252.4
1293,282.21
1294,304.44
1295,97.94
1296,168.0
1297,71.41
1298,106.24
1299,77.3
1300,118.2
1301,127.2
1302,149.77
1303,103.48
1304,112.61
1305,100.75
1306,383.53
1307,109.5
1308,252.74
1309,53.05
1310,206.48
1311,107.82
1312,108.97
1313,115.02
1314,55.08
1315,58.47
1316,132.63
1317,155.93
1318,181.59
1319,60.49
1320,101.65
1321,59.09
1322,185.47
1323,123.93
1324,159.0
1325,140.62
1326,86.02
1327,71.46
1328,97.03
1329,41.89
1330,117.6
1331,141.86
1332,66.52
1333,57.65
1334,150.42
1335,106.84
1336,71.06
1337,121.64
1338,124.43
1339,96.16
1340,78.16
1341,107.09
1342,46.64
1343,262.49
1344,238.98
1345,327.18
1346,137.38
1347,218.28
1348,87.37
1349,192.82
1350,88.64
1351,306.4
1352,179.12
1353,332.99
1354,187.72
1355,117.94
1356,118.05
1357,126.37
1358,107.72
1359,162.05
1360,262.54
1361,68.25
1362,75.7
1363,118.99
1364,78.62
1365,172.86
1366,87.09
1367,81.22
1368,92.67
1369,91.92
1370,193.44
1371,281.39
1372,159.3
1373,107.68
1374,191.84
1375,189.43
1376,160.21
1377,105.04
1378,86.11
1379,119.56
1380,86.59
1381,82.68
1382,150.81
1383,99.64
1384,74.36
1385,108.99
1386,120.11
1387,142.76
1388,100.6
1389,122.73
1390,140.88
1391,134.42
1392,103.67
1393,154.6
1394,98.77
1395,154.45
1396,132.44
1397,131.44
1398,83.23
1399,84.52
1400,133.71
1401,61.97
1402,86.55
1403,83.23
1404,84.63
1405,60.77
1406,265.43
1407,151.81
1408,103.89
1409,181.65
1410,179.55
1411,157.53
1412,107.23
1413,81.9
1414,114.47
1415,82.26
1416,78.36
1417,101.02
1418,380.74
1419,109.79
1420,285.37
1421,233.45
1422,128.39
1423,135.35
1424,131.24
1425,119.51
1426,183.61
1427,313.49
1428,72.33
1429,156.64
1430,153.76
1431,262.37
1432,63.66
1433,155.64
1434,94.77
1435,193.07
1436,182.42
1437,115.09
1438,153.06
1439,64.15
1440,257.3
1441,231.75
1442,296.69
1443,130.9
1444,208.96
1445,83.84
1446,184.29
1447,84.83
1448,327.21
1449,182.85
1450,368.68
1451,95.08
1452,110.92
1453,161.82
1454,266.44
1455,250.61
1456,250.89
1457,170.67
1458,269.48
1459,114.99
1460,341.46
1461,173.8
1462,122.64
1463,79.61
1464,144.29
1465,144.18
1466,263.34
1467,59.09
1468,145.01
1469,90.38
1470,183.37
1471,172.42
1472,107.15
1473,144.53
1474,59.0
1475,111.86
1476,134.79
1477,202.58
1478,123.78
1479,240.36
1480,165.17
1481,76.0
1482,184.58
1483,148.53
1484,146.96
1485,272.86
1486,58.66
1487,146.71
1488,90.46
1489,189.45
1490,178.16
1491,111.38
1492,147.15
1493,59.0
1494,103.07
1495,313.98
1496,123.31
1497,112.01
1498,72.83
1499,207.85
1500,310.67
1501,189.56
1502,179.73
1503,296.24
1504,280.21
1505,188.51
1506,355.8
1507,330.38
1508,57.61
1509,217.35
1510,110.22
1511,192.16
1512,87.38
1513,201.93
1514,426.54
1515,378.22
1516,361.63
1517,140.25
1518,141.22
1519,361.29
1520,361.52
1521,201.84
1522,87.6
1523,152.08
1524,103.55
1525,176.35
1526,173.13
1527,143.97
1528,105.12
1529,82.21
1530,113.2
1531,76.0
1532,262.74
1533,262.74
1534,177.44
1535,279.77
1536,120.09
1537,353.22
1538,176.37
1539,126.28
1540,82.06
1541,284.79
1542,285.01
1543,193.43
1544,283.69
1545,124.43
1546,310.95
1547,197.24
1548,123.34
1549,87.73
1550,104.11
1551,166.9
1552,76.11
1553,109.82
1554,80.16
1555,116.83
1556,130.1
1557,151.8
1558,107.24
1559,127.97
1560,108.48
1561,280.64
1562,131.43
1563,118.77
1564,75.97
1565,207.72
1566,266.32
1567,199.14
1568,180.74
1569,274.05
1570,235.86
1571,196.14
1572,278.8
1573,299.72
1574,172.05
1575,115.0
1576,148.41
1577,125.19
1578,193.32
1579,86.28
1580,203.02
1581,342.03
1582,280.41
1583,330.89
1584,134.02
1585,133.14
1586,340.66
1587,311.51
1588,202.46
1589,85.11
1590,282.94
1591,171.43
1592,115.49
1593,200.79
1594,199.88
1595,169.0
1596,117.44
1597,92.68
1598,125.23
1599,87.53
1600,86.08
1601,95.51
1602,371.59
1603,104.17
1604,236.24
1605,103.85
1606,108.63
1607,53.17
1608,55.97
1609,123.86
1610,145.33
1611,175.29
1612,57.98
1613,97.74
1614,56.58
1615,181.51
1616,107.1
1617,162.93
1618,75.85
1619,121.84
1620,215.4
1621,179.38
1622,184.51
1623,302.52
1624,180.67
1625,178.38
1626,179.63
1627,111.71
1628,147.98
1629,128.15
1630,104.69
1631,66.94
1632,45.08
1633,87.93
1634,99.14
1635,157.58
1636,154.4
1637,268.85
1638,62.92
1639,155.74
1640,95.34
1641,194.53
1642,180.57
1643,115.16
1644,158.58
1645,63.16
1646,180.24
1647,113.19
1648,152.95
1649,131.16
1650,202.34
1651,88.97
1652,202.15
1653,346.73
1654,284.14
1655,337.71
1656,140.1
1657,142.06
1658,337.89
1659,334.81
1660,201.43
1661,88.6
1662,157.33
1663,154.85
1664,276.44
1665,63.76
1666,155.55
1667,96.43
1668,195.47
1669,182.11
1670,115.39
1671,154.13
1672,64.03
1673,107.71
1674,326.95
1675,130.87
1676,119.41
1677,76.44
1678,211.52
1679,293.46
1680,201.6
1681,188.42
1682,302.72
1683,272.29
1684,199.78
1685,350.59
1686,328.22
1687,162.74
1688,112.77
1689,196.21
1690,197.27
1691,177.24
1692,110.11
1693,91.19
1694,121.42
1695,85.83
1696,96.63
1697,129.99
1698,200.8
1699,116.6
1700,205.88
1701,154.81
1702,76.14
1703,171.37
1704,273.91
1705,275.73
1706,170.23
1707,266.8
1708,121.76
1709,294.9
1710,187.62
1711,131.86
1712,84.82
1713,339.36
1714,263.2
1715,340.53
1716,341.05
1717,348.2
1718,276.93
1719,229.32
1720,252.44
1721,318.5
1722,329.74
1723,146.58
1724,136.69
1725,104.01
1726,155.97
1727,102.04
1728,156.26
1729,133.79
1730,133.09
1731,246.71
1732,246.99
1733,172.28
1734,263.88
1735,114.34
1736,283.14
1737,176.2
1738,125.91
1739,79.44
1740,115.86
1741,142.46
1742,64.88
1743,57.41
1744,152.48
1745,99.28
1746,68.81
1747,118.16
1748,124.17
1749,136.43
1750,158.39
1751,158.47
1752,160.7
1753,204.45
1754,158.11
1755,292.09
1756,99.67
1757,61.73
1758,158.84
1759,259.37
1760,63.28
1761,168.38
1762,87.42
1763,62.13
1764,41.85
1765,83.47
1766,87.27
1767,249.54
1768,228.12
1769,293.4
1770,130.37
1771,196.46
1772,80.31
1773,176.2
1774,83.11
1775,280.43
1776,160.41
1777,339.45
1778,118.36
1779,145.63
1780,66.27
1781,57.67
1782,168.94
1783,110.56
1784,75.38
1785,136.12
1786,135.07
1787,101.26
1788,119.37
1789,169.63
1790,262.76
1791,187.39
1792,118.56
1793,160.95
1794,137.03
1795,126.81
1796,152.28
1797,152.91
1798,153.89
1799,193.66
1800,150.96
1801,275.04
1802,93.42
1803,61.29
1804,151.77
1805,242.34
1806,62.49
1807,162.4
1808,106.97
1809,332.26
1810,132.83
1811,114.89
1812,78.92
1813,208.42
1814,330.24
1815,189.69
1816,190.39
1817,316.5
1818,292.55
1819,186.14
1820,374.46
1821,352.5
1822,96.13
1823,62.23
1824,41.7
1825,83.22
1826,93.98
1827,331.79
1828,381.45
1829,331.01
1830,331.01
1831,353.25
1832,339.98
1833,226.05
1834,235.89
1835,315.23
1836,334.81
1837,85.37
1838,43.07
1839,46.39
1840,112.41
1841,115.26
1842,55.5
1843,58.45
1844,131.9
1845,150.8
1846,186.1
1847,60.38
1848,106.65
1849,58.3
1850,266.98
1851,266.98
1852,184.42
1853,290.1
1854,120.47
1855,296.46
1856,186.69
1857,129.02
1858,83.88
1859,147.97
1860,145.38
1861,271.59
1862,58.94
1863,147.11
1864,90.3
1865,188.8
1866,180.83
1867,109.69
1868,150.75
1869,59.0
1870,52.03
1871,206.74
1872,103.83
1873,248.25
1874,248.53
1875,175.22
1876,263.9
1877,114.8
1878,282.58
1879,176.61
1880,126.03
1881,79.45
1882,172.92
1883,104.11
1884,161.08
1885,73.97
1886,118.38
1887,206.61
1888,172.76
1889,175.14
1890,291.62
1891,173.75
1892,172.38
1893,146.45
1894,144.42
1895,270.63
1896,63.9
1897,145.24
1898,92.95
1899,194.17
1900,180.4
1901,108.21
1902,146.55
1903,63.9
1904,89.86
1905,75.0
1906,101.2
1907,43.0
1908,188.48
1909,88.13
1910,194.55
1911,258.22
1912,265.7
1913,289.01
1914,131.02
1915,130.8
1916,324.25
1917,297.16
1918,192.48
1919,82.1
1920,51.02
1921,201.98
1922,106.81
1923,145.22
1924,72.06
1925,62.32
1926,268.77
1927,268.77
1928,186.05
1929,287.62
1930,120.27
1931,295.37
1932,187.45
1933,128.75
1934,83.56
1935,157.9
1936,154.54
1937,272.85
1938,62.84
1939,156.87
1940,94.09
1941,194.41
1942,184.52
1943,115.84
1944,157.62
1945,62.97
1946,95.48
1947,77.42
1948,102.94
1949,45.43
1950,127.27
1951,138.85
1952,148.75
1953,139.66
1954,196.6
1955,140.41
1956,263.19
1957,87.8
1958,58.11
1959,134.9
1960,235.75
1961,58.15
1962,155.81
1963,87.49
1964,62.09
1965,41.88
1966,83.47
1967,87.63
1968,150.48
1969,76.06
1970,65.11
1971,142.49
1972,134.76
1973,181.63
1974,106.96
1975,163.77
1976,76.67
1977,121.8
1978,215.27
1979,177.35
1980,185.59
1981,306.4
1982,181.81
1983,179.3
1984,159.01
1985,107.01
1986,187.55
1987,186.54
1988,157.15
1989,102.63
1990,85.15
1991,119.87
1992,80.42
1993,183.97
1994,114.8
1995,159.55
1996,128.28
1997,145.49
1998,138.65
1999,107.94
2000,159.52
2001,101.63
2002,159.27
2003,136.51
2004,134.89
2005,189.03
2006,82.34
2007,197.5
2008,333.64
2009,272.23
2010,324.38
2011,135.99
2012,135.3
2013,324.11
2014,326.91
2015,197.7
2016,82.66
2017,112.01
2018,337.66
2019,136.03
2020,123.84
2021,83.55
2022,225.39
2023,330.63
2024,206.41
2025,193.9
2026,316.63
2027,290.86
2028,205.2
2029,356.63
2030,328.11
2031,271.37
2032,273.54
2033,167.98
2034,264.41
2035,120.63
2036,294.15
2037,187.05
2038,131.59
2039,84.07
2040,192.61
2041,86.55
2042,199.74
2043,348.15
2044,352.95
2045,361.17
2046,138.5
2047,137.88
2048,360.77
2049,333.6
2050,199.74
2051,84.16
2052,95.08
2053,111.86
2054,161.75
2055,264.73
2056,177.33
2057,106.18
2058,162.79
2059,75.92
2060,121.29
2061,213.35
2062,179.5
2063,180.94
2064,299.58
2065,178.7
2066,178.15
2067,90.85
2068,64.84
2069,40.16
2070,85.51
2071,92.34
2072,96.51
2073,380.74
2074,108.87
2075,285.37
2076,149.21
2077,142.67
2078,111.0
2079,166.2
2080,104.65
2081,166.16
2082,142.81
2083,138.17
2084,113.51
2085,139.56
2086,214.34
2087,126.25
2088,218.92
2089,171.96
2090,82.42
2091,184.46
2092,56.12
2093,207.45
2094,110.04
2095,90.18
2096,75.7
2097,102.24
2098,43.0
2099,172.61
2100,113.42
2101,153.22
2102,124.88
2103,94.65
2104,112.49
2105,164.86
2106,260.72
2107,97.02
2108,379.26
2109,107.4
2110,261.04
2111,104.8
2112,120.76
2113,176.0
2114,290.2
2115,337.18
2116,343.8
2117,335.68
2118,334.64
2119,342.27
2120,347.8
2121,228.55
2122,250.32
2123,319.19
2124,328.39
2125,110.57
2126,139.94
2127,217.77
2128,120.19
2129,215.56
2130,167.76
2131,81.69
2132,177.71
2133,81.52
2134,82.48
2135,129.28
2136,61.36
2137,58.25
2138,88.46
2139,81.52
2140,83.21
2141,57.89
2142,63.41
2143,172.33
2144,107.27
2145,151.19
2146,125.24
2147,119.02
2148,145.19
2149,66.03
2150,57.78
2151,190.68
2152,110.51
2153,75.46
2154,136.46
2155,134.59
2156,164.93
2157,102.97
2158,158.9
2159,74.04
2160,114.92
2161,198.16
2162,166.74
2163,173.76
2164,286.52
2165,171.37
2166,162.38
2167,165.5
2168,109.69
2169,77.4
2170,114.24
2171,126.36
2172,152.3405
2173,108.87
2174,125.37
2175,123.3
2176,146.5
2177,147.85
2178,148.34
2179,191.08
2180,145.31
2181,265.98
2182,88.39
2183,58.35
2184,146.82
2185,240.34
2186,58.32
2187,157.09
2188,88.37
2189,46.02
2190,49.75
2191,103.03
2192,389.57
2193,111.71
2194,255.95
2195,94.46
2196,111.48
2197,161.17
2198,270.45
2199,96.77
2200,62.79
2201,41.88
2202,83.43
2203,96.59
2204,185.22
2205,106.28
2206,166.54
2207,76.41
2208,120.11
2209,216.1
2210,177.85
2211,182.27
2212,301.49
2213,181.75
2214,171.52
2215,113.71
2216,139.25
2217,62.23
2218,53.64
2219,185.9
2220,102.99
2221,71.87
2222,131.62
2223,130.37
2224,83.8
2225,85.28
2226,135.29
2227,64.92
2228,62.22
2229,90.93
2230,83.82
2231,86.23
2232,60.52
2233,65.34
2234,151.4
2235,149.82
2236,271.37
2237,62.05
2238,150.13
2239,93.98
2240,193.34
2241,179.98
2242,110.79
2243,148.69
2244,62.12
2245,197.19
2246,87.25
2247,198.67
2248,346.41
2249,283.89
2250,338.38
2251,140.27
2252,140.37
2253,338.32
2254,336.78
2255,197.97
2256,85.84
2257,96.02
2258,77.44
2259,104.69
2260,45.72
2261,101.42
2262,119.89
2263,169.44
2264,271.34
2265,157.4
2266,76.45
2267,65.43
2268,151.92
2269,75.53
2270,67.19
2271,150.68
2272,148.74
2273,273.16
2274,62.6
2275,149.03
2276,94.99
2277,193.73
2278,180.19
2279,111.92
2280,149.68
2281,62.76
2282,99.51
2283,370.53
2284,107.19
2285,243.31
2286,78.33
2287,119.88
2288,79.04
2289,171.11
2290,87.32
2291,82.22
2292,93.65
2293,92.87
2294,195.33
2295,325.34
2296,332.29
2297,324.99
2298,323.51
2299,335.95
2300,332.98
2301,222.74
2302,237.52
2303,312.13
2304,325.27
2305,155.64
2306,153.34
2307,267.77
2308,63.12
2309,154.56
2310,94.58
2311,196.41
2312,183.66
2313,114.25
2314,156.1
2315,63.38
2316,328.83
2317,263.79
2318,330.48
2319,328.5
2320,346.24
2321,273.38
2322,223.52
2323,244.59
2324,315.06
2325,330.26
2326,150.77
2327,153.34
2328,255.66
2329,257.44
2330,163.42
2331,255.74
2332,114.34
2333,285.87
2334,176.16
2335,125.91
2336,79.69
2337,98.62
2338,127.61
2339,201.97
2340,114.52
2341,203.2
2342,153.32
2343,75.98
2344,169.86
2345,113.3
2346,138.51
2347,61.92
2348,52.86
2349,156.59
2350,105.04
2351,71.91
2352,120.62
2353,126.16
2354,283.19
2355,160.89
2356,113.2
2357,194.34
2358,199.51
2359,168.61
2360,109.83
2361,86.51
2362,126.49
2363,83.47
2364,81.52
2365,149.69
2366,73.69
2367,64.28
2368,146.01
2369,145.26
2370,263.14
2371,59.89
2372,144.31
2373,88.19
2374,182.21
2375,173.64
2376,108.49
2377,143.35
2378,59.93
2379,104.14
2380,66.98
2381,45.17
2382,88.58
2383,103.89
2384,208.94
2385,91.35
2386,214.06
2387,312.45
2388,285.07
2389,306.29
2390,143.36
2391,142.68
2392,346.49
2393,318.84
2394,218.06
2395,91.18
2396,249.54
2397,228.12
2398,293.4
2399,130.37
2400,196.46
2401,80.31
2402,176.2
2403,83.11
2404,280.43
2405,160.41
2406,339.45
2407,146.08
2408,144.36
2409,262.37
2410,58.9
2411,144.91
2412,90.03
2413,184.13
2414,173.97
2415,107.07
2416,147.05
2417,58.54
2418,160.86
2419,157.83
2420,279.46
2421,62.93
2422,160.07
2423,97.1
2424,197.54
2425,185.38
2426,118.35
2427,156.53
2428,63.19
2429,266.57
2430,266.56
2431,181.83
2432,290.19
2433,120.96
2434,297.16
2435,186.61
2436,131.56
2437,82.64
2438,82.41
2439,83.92
2440,131.09
2441,62.69
2442,58.44
2443,88.93
2444,82.82
2445,84.87
2446,57.86
2447,63.96
2448,103.5
2449,273.43
2450,123.34
2451,113.96
2452,73.25
2453,201.08
2454,256.68
2455,189.91
2456,172.14
2457,262.2
2458,222.56
2459,187.87
2460,271.8
2461,286.24
2462,96.76
2463,74.78
2464,107.74
2465,46.49
2466,150.97
2467,148.75
2468,173.56
2469,103.83
2470,159.98
2471,74.69
2472,117.76
2473,208.26
2474,174.35
2475,176.46
2476,287.06
2477,177.01
2478,166.59
2479,147.05
2480,140.53
2481,183.92
2482,116.33
2483,157.21
2484,136.04
2485,86.1
2486,87.21
2487,134.34
2488,66.51
2489,61.91
2490,86.26
2491,86.1
2492,87.86
2493,60.01
2494,64.34
2495,96.62
2496,78.16
2497,108.11
2498,46.8
2499,255.66
2500,257.44
2501,163.42
2502,255.74
2503,114.34
2504,285.87
2505,176.16
2506,125.91
2507,79.69
2508,110.6
2509,333.43
2510,132.43
2511,120.23
2512,78.06
2513,220.42
2514,330.57
2515,203.42
2516,190.31
2517,314.34
2518,292.61
2519,200.86
2520,373.89
2521,351.32
2522,273.04
2523,153.84
2524,105.47
2525,185.96
2526,180.67
2527,154.33
2528,103.91
2529,84.32
2530,119.07
2531,79.78
2532,77.91
2533,179.98
2534,114.15
2535,160.33
2536,131.58
2537,151.96
2538,151.7
2539,136.57
2540,158.27
2541,158.41
2542,160.68
2543,202.82
2544,156.35
2545,286.25
2546,99.43
2547,61.79
2548,158.84
2549,260.69
2550,63.36
2551,170.43
2552,82.49
2553,83.49
2554,133.07
2555,61.0
2556,83.08
2557,82.49
2558,83.82
2559,59.83
2560,98.21
2561,158.57
2562,71.47
2563,102.64
2564,75.38
2565,111.14
2566,121.62
2567,144.84
2568,101.17
2569,122.63
2570,83.24
2571,85.03
2572,131.61
2573,63.31
2574,60.93
2575,89.41
2576,83.73
2577,84.98
2578,59.57
2579,64.46
2580,98.68
2581,368.75
2582,106.76
2583,242.58
2584,96.28
2585,77.84
2586,107.51
2587,46.13
2588,83.44
2589,40.18
2590,46.09
2591,53.0
2592,207.05
2593,107.69
2594,88.23
2595,77.44
2596,98.08
2597,40.96
2598,343.28
2599,305.39
2600,344.46
2601,341.25
2602,363.96
2603,318.55
2604,231.98
2605,252.73
2606,327.67
2607,346.04
2608,97.16
2609,62.51
2610,42.0
2611,84.26
2612,95.79
2613,191.62
2614,84.79
2615,200.91
2616,264.19
2617,275.15
2618,302.06
2619,133.39
2620,134.71
2621,334.95
2622,304.99
2623,197.93
2624,84.04
2625,107.31
2626,109.5
2627,57.33
2628,130.91
2629,150.21
2630,59.07
2631,56.9
2632,326.99
2633,289.25
2634,326.14
2635,325.87
2636,334.21
2637,300.0
2638,220.61
2639,237.34
2640,311.89
2641,325.41
2642,150.07
2643,140.89
2644,107.69
2645,159.05
2646,102.92
2647,159.05
2648,137.76
2649,135.55
2650,340.24
2651,263.81
2652,340.5
2653,340.69
2654,348.02
2655,273.6
2656,229.2
2657,251.58
2658,316.98
2659,329.44
2660,118.05
2661,142.05
2662,208.9
2663,134.15
2664,244.01
2665,175.58
2666,82.82
2667,188.12
2668,108.59
2669,280.76
2670,131.63
2671,119.22
2672,76.87
2673,207.23
2674,266.99
2675,200.78
2676,180.59
2677,274.71
2678,236.57
2679,198.44
2680,279.23
2681,299.11
2682,98.91
2683,381.24
2684,106.91
2685,244.35
2686,107.71
2687,170.65
2688,79.2
2689,113.19
2690,82.17
2691,120.86
2692,132.07
2693,156.34
2694,110.62
2695,134.05
2696,67.39
2697,122.08
2698,92.76
2699,144.37
2700,72.92
2701,67.53
2702,57.41
2703,216.22
2704,110.55
2705,53.04
2706,209.95
2707,105.88
2708,69.47
2709,123.09
2710,96.55
2711,150.59
2712,76.4
2713,70.17
2714,317.76
2715,392.55
2716,314.51
2717,314.51
2718,350.62
2719,347.08
2720,224.74
2721,241.24
2722,323.04
2723,334.81
2724,189.02
2725,87.53
2726,187.95
2727,333.48
2728,272.89
2729,330.41
2730,128.24
2731,130.28
2732,330.66
2733,328.07
2734,187.77
2735,82.12
2736,88.44
2737,77.42
2738,98.08
2739,40.91
2740,53.05
2741,207.04
2742,107.76
2743,149.45
2744,75.77
2745,64.55
2746,272.84
2747,272.93
2748,182.7
2749,292.51
2750,123.75
2751,372.16
2752,188.61
2753,128.53
2754,87.8
2755,150.91
2756,74.77
2757,65.3
2758,342.71
2759,265.34
2760,342.49
2761,342.52
2762,368.11
2763,275.41
2764,234.52
2765,255.47
2766,284.6
2767,325.17
2768,108.9
2769,280.08
2770,131.92
2771,120.15
2772,78.04
2773,233.28
2774,268.43
2775,201.13
2776,186.67
2777,286.52
2778,276.78
2779,200.32
2780,283.68
2781,327.69
2782,100.26
2783,117.64
2784,163.98
2785,264.78
2786,74.11
2787,135.47
2788,100.24
2789,156.94
2790,79.77
2791,73.51
2792,74.71
2793,79.14
2794,122.24
2795,79.75
2796,172.96
2797,88.2
2798,83.22
2799,94.14
2800,93.08
2801,195.93
2802,153.73
2803,151.95
2804,266.7
2805,58.1
2806,152.39
2807,90.0
2808,188.91
2809,175.6
2810,109.06
2811,149.74
2812,58.98
2813,89.43
2814,75.67
2815,99.41
2816,43.0
2817,108.52
2818,137.65
2819,212.03
2820,121.32
2821,216.17
2822,168.98
2823,76.08
2824,182.01
2825,283.41
2826,162.38
2827,113.54
2828,195.11
2829,199.6
2830,167.95
2831,110.16
2832,85.3
2833,125.72
2834,83.09
2835,81.34
2836,90.63
2837,64.72
2838,43.0
2839,85.47
2840,89.96
2841,149.53
2842,73.99
2843,63.53
2844,279.38
2845,279.97
2846,193.2
2847,275.35
2848,124.0
2849,301.45
2850,196.28
2851,122.52
2852,87.53
2853,57.03
2854,217.65
2855,111.41
2856,102.97
2857,312.73
2858,123.28
2859,113.37
2860,73.5
2861,207.88
2862,309.82
2863,189.73
2864,178.54
2865,286.93
2866,277.54
2867,188.37
2868,333.92
2869,321.13
2870,328.09
2871,253.88
2872,329.48
2873,329.11
2874,349.7
2875,263.12
2876,225.03
2877,239.14
2878,278.45
2879,305.04
2880,149.19
2881,150.5
2882,172.19
2883,107.27
2884,148.34
2885,125.17
2886,67.2
2887,124.71
2888,92.67
2889,149.18
2890,73.18
2891,66.85
2892,67.8
2893,106.29
2894,331.71
2895,130.03
2896,119.98
2897,78.91
2898,215.81
2899,330.34
2900,201.21
2901,187.61
2902,315.24
2903,305.69
2904,196.99
2905,373.53
2906,348.74
2907,196.39
2908,87.33
2909,201.34
2910,264.93
2911,281.43
2912,302.29
2913,134.91
2914,134.92
2915,334.81
2916,307.89
2917,198.25
2918,87.56
2919,57.03
2920,217.41
2921,109.68
2922,100.24
2923,122.4
2924,168.37
2925,293.46
2926,93.57
2927,369.44
2928,100.13
2929,234.74
2930,264.34
2931,264.34
2932,176.63
2933,281.62
2934,119.17
2935,296.72
2936,176.93
2937,129.74
2938,80.92
2939,106.1
2940,323.4
2941,125.78
2942,114.65
2943,75.15
2944,212.57
2945,314.72
2946,196.23
2947,182.57
2948,291.55
2949,282.35
2950,189.84
2951,347.28
2952,339.95
2953,87.01
2954,71.54
2955,97.95
2956,41.89
2957,95.55
2958,76.17
2959,105.26
2960,45.21
2961,111.06
2962,114.14
2963,55.1
2964,57.56
2965,129.62
2966,151.59
2967,163.74
2968,59.69
2969,93.87
2970,58.06
2971,111.59
2972,114.6
2973,58.35
2974,134.04
2975,156.34
2976,60.7
2977,58.76
2978,183.78
2979,114.23
2980,162.24
2981,134.33
2982,108.67
2983,110.89
2984,58.01
2985,130.82
2986,150.19
2987,60.06
2988,57.65
2989,100.05
2990,120.42
2991,167.34
2992,258.78
2993,94.1
2994,116.0
2995,161.74
2996,281.75
2997,191.78
2998,82.86
2999,200.69
3000,426.04
3001,377.99
3002,360.88
3003,139.41
3004,138.84
3005,360.54
3006,352.03
3007,200.6
3008,84.33
3009,102.6
3010,164.67
3011,76.33
3012,108.44
3013,79.59
3014,116.51
3015,129.5
3016,148.91
3017,107.08
3018,113.15
3019,143.56
3020,143.31
3021,262.07
3022,60.1
3023,144.34
3024,88.04
3025,181.96
3026,173.64
3027,108.56
3028,142.28
3029,60.07
3030,83.17
3031,84.72
3032,134.01
3033,62.8
3034,60.13
3035,86.26
3036,83.17
3037,85.38
3038,58.67
3039,63.96
3040,148.97
3041,141.0
3042,108.7
3043,165.08
3044,104.06
3045,165.05
3046,140.79
3047,135.67
3048,280.11
3049,161.06
3050,112.66
3051,195.19
3052,192.88
3053,165.45
3054,107.09
3055,85.65
3056,123.85
3057,82.9
3058,81.05
3059,169.32
3060,102.77
3061,158.19
3062,73.44
3063,116.64
3064,206.93
3065,172.61
3066,180.06
3067,292.55
3068,171.66
3069,171.44
3070,96.16
3071,77.5
3072,107.23
3073,45.73
3074,173.73
3075,109.26
3076,147.27
3077,129.4
3078,347.64
3079,399.49
3080,345.89
3081,345.89
3082,363.84
3083,355.25
3084,228.74
3085,251.51
3086,333.61
3087,343.04
3088,186.47
3089,117.33
3090,158.74
3091,140.7
3092,199.68
3093,88.63
3094,204.79
3095,352.11
3096,354.33
3097,362.13
3098,142.59
3099,142.79
3100,361.74
3101,334.78
3102,204.79
3103,87.76
3104,142.97
3105,142.24
3106,251.36
3107,59.79
3108,144.18
3109,88.21
3110,181.6
3111,172.09
3112,108.2
3113,140.94
3114,60.09
3115,73.8
3116,134.25
3117,100.17
3118,155.55
3119,79.2
3120,73.46
3121,160.95
3122,158.87
3123,265.46
3124,62.71
3125,159.77
3126,97.1
3127,195.04
3128,184.65
3129,118.51
3130,154.84
3131,63.13
3132,342.7
3133,347.87
3134,342.69
3135,340.23
3136,356.54
3137,352.14
3138,229.7
3139,250.3
3140,332.35
3141,339.91
3142,96.27
3143,381.24
3144,106.64
3145,244.86
3146,134.83
3147,158.41
3148,158.46
3149,160.27
3150,210.81
3151,158.83
3152,311.7
3153,98.97
3154,63.02
3155,158.01
3156,271.32
3157,63.35
3158,183.83
3159,285.63
3160,285.81
3161,190.13
3162,300.33
3163,124.63
3164,360.1
3165,195.76
3166,121.57
3167,85.49
3168,194.27
3169,85.45
3170,198.1
3171,431.15
3172,376.0
3173,359.18
3174,135.66
3175,136.16
3176,358.71
3177,359.62
3178,198.1
3179,86.88
3180,75.54
3181,118.35
3182,78.39
3183,170.73
3184,86.32
3185,81.13
3186,92.82
3187,91.07
3188,194.05
3189,125.85
3190,146.64
3191,148.01
3192,148.35
3193,191.47
3194,145.33
3195,274.35
3196,92.01
3197,60.97
3198,147.01
3199,240.34
3200,62.04
3201,157.33
3202,69.62
3203,128.73
3204,95.33
3205,149.66
3206,76.25
3207,69.03
3208,57.37
3209,217.09
3210,110.53
3211,111.62
3212,112.99
3213,58.82
3214,135.39
3215,150.99
3216,61.92
3217,58.8
3218,179.5
3219,113.91
3220,150.08
3221,131.03
3222,112.22
3223,337.01
3224,134.05
3225,121.29
3226,81.81
3227,223.79
3228,329.99
3229,205.56
3230,190.59
3231,310.27
3232,293.15
3233,201.44
3234,353.75
3235,339.98
3236,200.16
3237,88.65
3238,201.6
3239,348.09
3240,285.06
3241,339.92
3242,139.13
3243,138.43
3244,340.11
3245,334.04
3246,201.6
3247,86.58
3248,147.7
3249,74.15
3250,64.11
3251,261.76
3252,276.51
3253,294.83
3254,136.98
3255,217.42
3256,87.41
3257,183.09
3258,87.72
3259,309.82
3260,179.57
3261,321.49
3262,179.04
3263,111.63
3264,154.75
3265,123.6
3266,144.4
3267,144.3
3268,262.05
3269,59.1
3270,145.04
3271,90.41
3272,183.06
3273,172.66
3274,107.03
3275,144.29
3276,59.0
3277,70.04
3278,131.35
3279,97.14
3280,153.79
3281,78.08
3282,70.5
3283,72.13
3284,83.0
3285,83.25
3286,129.11
3287,60.8
3288,59.48
3289,88.82
3290,83.36
3291,83.69
3292,58.72
3293,63.71
3294,101.91
3295,271.24
3296,123.23
3297,112.77
3298,71.9
3299,198.49
3300,255.02
3301,189.07
3302,171.3
3303,260.34
3304,219.07
3305,184.42
3306,268.39
3307,281.6
3308,56.72
3309,210.2
3310,110.67
3311,172.32
3312,104.89
3313,159.92
3314,75.2
3315,119.56
3316,206.12
3317,173.55
3318,181.53
3319,292.51
3320,173.59
3321,173.08
3322,111.92
3323,335.09
3324,136.03
3325,122.86
3326,83.32
3327,225.06
3328,299.81
3329,206.29
3330,193.65
3331,316.55
3332,275.5
3333,205.65
3334,355.48
3335,329.91
3336,102.97
3337,271.2
3338,123.31
3339,114.08
3340,73.56
3341,218.77
3342,256.7
3343,190.06
3344,177.42
3345,270.62
3346,256.36
3347,188.15
3348,275.53
3349,318.12
3350,112.83
3351,137.43
3352,206.12
3353,128.31
3354,216.79
3355,167.79
3356,78.0
3357,177.93
3358,343.97
3359,301.94
3360,342.54
3361,341.94
3362,343.83
3363,315.65
3364,229.94
3365,252.72
3366,321.44
3367,340.32
3368,104.6
3369,119.39
3370,173.32
3371,293.57
3372,111.68
3373,115.37
3374,55.64
3375,58.59
3376,140.1
3377,157.24
3378,169.72
3379,60.63
3380,101.77
3381,59.26
3382,351.35
3383,406.21
3384,350.0
3385,350.0
3386,374.68
3387,360.57
3388,233.56
3389,254.03
3390,337.94
3391,354.14
3392,57.55
3393,218.93
3394,112.15
3395,112.94
3396,138.26
3397,62.87
3398,52.92
3399,181.81
3400,100.87
3401,71.99
3402,128.97
3403,127.57
3404,53.03
3405,206.35
3406,107.65
3407,96.62
3408,74.33
3409,106.62
3410,46.33
3411,94.08
3412,116.99
3413,162.95
3414,258.74
3415,339.94
3416,255.38
3417,339.43
3418,339.72
3419,351.73
3420,265.48
3421,230.0
3422,250.7
3423,280.05
3424,310.37
3425,191.72
3426,122.74
3427,122.85
3428,130.07
3429,113.03
3430,164.49
3431,274.44
3432,70.36
3433,116.58
3434,141.5
3435,66.2
3436,57.35
3437,149.84
3438,104.32
3439,70.19
3440,120.87
3441,123.48
3442,143.02
3443,146.82
3444,155.21
3445,78.64
3446,68.18
3447,266.54
3448,266.54
3449,182.96
3450,292.05
3451,121.28
3452,353.6
3453,185.97
3454,128.61
3455,84.18
3456,272.13
3457,272.21
3458,183.06
3459,291.21
3460,122.02
3461,299.94
3462,187.79
3463,131.71
3464,83.29
3465,113.38
3466,115.99
3467,56.06
3468,58.88
3469,130.06
3470,151.77
3471,164.33
3472,60.74
3473,94.43
3474,58.29
3475,130.69
3476,148.18
3477,149.43
3478,149.54
3479,204.9
3480,148.37
3481,306.91
3482,94.26
3483,63.01
3484,147.72
3485,258.59
3486,63.24
3487,176.47
3488,112.95
3489,295.64
3490,136.01
3491,123.26
3492,82.12
3493,219.69
3494,272.93
3495,207.9
3496,185.53
3497,284.19
3498,248.38
3499,206.42
3500,290.75
3501,309.22
3502,147.95
3503,148.57
3504,69.21
3505,130.23
3506,95.88
3507,152.55
3508,76.63
3509,68.95
3510,71.05
3511,105.64
3512,321.44
3513,125.77
3514,114.8
3515,74.78
3516,214.65
3517,282.11
3518,193.25
3519,181.79
3520,290.57
3521,263.7
3522,189.48
3523,338.35
3524,325.14
3525,99.3
3526,119.16
3527,167.23
3528,263.91
3529,97.56
3530,116.83
3531,166.63
3532,289.38
3533,273.86
3534,273.86
3535,190.81
3536,290.59
3537,122.58
3538,361.94
3539,188.6
3540,128.18
3541,84.62
3542,88.42
3543,74.79
3544,98.76
3545,42.0
3546,172.03
3547,113.51
3548,153.27
3549,123.18
3550,53.06
3551,203.95
3552,103.8
3553,118.74
3554,143.07
3555,66.39
3556,57.22
3557,167.33
3558,105.72
3559,76.28
3560,136.63
3561,135.18
3562,100.33
3563,164.17
3564,72.27
3565,106.5
3566,75.69
3567,114.04
3568,126.09
3569,147.915
3570,103.71
3571,123.59
3572,258.28
3573,265.66
3574,270.01
3575,127.78
3576,203.46
3577,81.38
3578,166.47
3579,80.26
3580,285.56
3581,180.45
3582,303.22
3583,96.86
3584,79.14
3585,108.46
3586,46.38
3587,107.53
3588,324.14
3589,133.14
3590,120.14
3591,77.22
3592,223.87
3593,325.33
3594,199.78
3595,188.97
3596,302.5
3597,292.78
3598,198.36
3599,357.22
3600,346.71
3601,255.07
3602,255.07
3603,177.06
3604,268.44
3605,113.28
3606,345.4
3607,176.98
3608,120.76
3609,79.92
3610,51.31
3611,208.11
3612,107.53
3613,97.85
3614,66.87
3615,44.92
3616,89.08
3617,94.27
3618,94.08
3619,121.1
3620,165.33
3621,283.55
3622,184.51
3623,115.03
3624,159.95
3625,135.45
3626,187.84
3627,122.33
3628,122.34
3629,129.1
3630,111.67
3631,164.33
3632,266.46
3633,68.15
3634,92.93
3635,66.53
3636,45.14
3637,88.75
3638,92.82
3639,254.58
3640,254.82
3641,169.53
3642,268.2
3643,113.2
3644,345.92
3645,175.96
3646,119.19
3647,79.76
3648,191.98
3649,85.63
3650,197.01
3651,301.49
3652,272.51
3653,294.19
3654,130.86
3655,133.5
3656,330.6
3657,304.34
3658,200.69
3659,84.14
3660,152.48
3661,148.33
3662,172.59
3663,108.4
3664,144.88
3665,127.59
3666,87.34
3667,77.03
3668,101.62
3669,41.11
3670,108.94
3671,138.58
3672,214.92
3673,123.1
3674,216.87
3675,174.12
3676,76.66
3677,177.09
3678,259.7
3679,230.85
3680,300.82
3681,132.88
3682,202.1
3683,82.21
3684,187.06
3685,85.62
3686,301.0
3687,182.42
3688,369.68
3689,172.79
3690,114.77
3691,154.69
3692,124.97
3693,181.35
3694,114.03
3695,158.42
3696,126.11
3697,69.22
3698,129.85
3699,95.29
3700,152.64
3701,76.83
3702,69.29
3703,70.94
3704,195.56
3705,123.16
3706,123.16
3707,130.35
3708,113.86
3709,167.3
3710,273.5
3711,68.45
3712,181.91
3713,112.97
3714,157.09
3715,131.81
3716,324.31
3717,377.06
3718,322.66
3719,322.66
3720,341.17
3721,335.87
3722,225.64
3723,237.46
3724,316.6
3725,323.78
3726,94.65
3727,112.49
3728,164.86
3729,260.72
3730,53.14
3731,205.84
3732,106.44
3733,106.71
3734,109.4
3735,53.28
3736,55.61
3737,129.47
3738,146.59
3739,181.26
3740,57.86
3741,102.77
3742,55.78
3743,94.68
3744,69.14
3745,46.79
3746,91.31
3747,94.38
3748,189.2
3749,82.61
3750,199.88
3751,325.08
3752,268.12
3753,317.53
3754,133.87
3755,133.52
3756,322.36
3757,301.76
3758,198.0
3759,82.54
3760,102.45
3761,119.53
3762,167.87
3763,294.9
3764,178.87
3765,117.55
3766,151.97
3767,129.37
3768,111.62
3769,136.94
3770,207.12
3771,126.66
3772,216.09
3773,168.08
3774,78.0
3775,177.18
3776,87.05
3777,46.63
3778,113.23
3779,139.51
3780,62.12
3781,52.85
3782,163.35
3783,104.17
3784,72.05
3785,128.32
3786,127.54
3787,106.97
3788,108.56
3789,53.9
3790,55.96
3791,123.57
3792,146.1
3793,156.42
3794,57.97
3795,91.72
3796,56.86
3797,126.57
3798,148.13
3799,152.02
3800,149.9
3801,197.31
3802,145.31
3803,269.07
3804,93.47
3805,59.95
3806,153.65
3807,247.19
3808,60.5
3809,158.77
3810,151.31
3811,142.62
3812,109.91
3813,168.36
3814,106.31
3815,168.35
3816,145.98
3817,138.15
3818,83.19
3819,84.95
3820,131.61
3821,63.19
3822,60.88
3823,89.41
3824,83.57
3825,85.21
3826,59.6
3827,64.46
3828,56.49
3829,213.32
3830,110.75
3831,101.21
3832,380.74
3833,111.28
3834,285.37
3835,208.73
3836,95.6
3837,212.35
3838,313.79
3839,287.7
3840,314.61
3841,141.87
3842,142.98
3843,341.89
3844,324.93
3845,214.17
3846,90.95
3847,95.26
3848,76.96
3849,106.72
3850,45.43
3851,106.36
3852,319.44
3853,126.99
3854,115.3
3855,75.91
3856,210.04
3857,287.26
3858,194.62
3859,183.64
3860,291.31
3861,264.7
3862,192.35
3863,348.52
3864,327.23
3865,163.99
3866,105.54
3867,152.76
3868,76.74
3869,111.15
3870,189.68
3871,169.57
3872,183.5
3873,279.93
3874,173.11
3875,166.8
3876,57.0
3877,216.44
3878,110.99
3879,252.72
3880,229.3
3881,293.65
3882,129.31
3883,202.05
3884,81.3
3885,176.93
3886,82.78
3887,318.09
3888,176.96
3889,353.88
3890,149.02
3891,145.33
3892,109.94
3893,164.7
3894,106.6
3895,164.81
3896,141.04
3897,137.91
3898,89.2
3899,44.51
3900,47.37
3901,128.75
3902,149.95
3903,151.45
3904,151.35
3905,197.62
3906,150.0
3907,294.02
3908,94.84
3909,62.23
3910,150.59
3911,250.54
3912,62.66
3913,161.65
3914,89.5
3915,46.4
3916,48.76
3917,188.8
3918,82.98
3919,186.13
3920,407.88
3921,358.85
3922,339.64
3923,136.6
3924,132.9
3925,339.54
3926,339.91
3927,185.97
3928,82.2
3929,148.39
3930,146.79
3931,270.39
3932,58.67
3933,146.72
3934,90.17
3935,192.51
3936,177.21
3937,109.89
3938,146.17
3939,58.96
3940,111.99
3941,333.6
3942,133.99
3943,119.72
3944,79.71
3945,226.56
3946,329.12
3947,203.97
3948,193.8
3949,318.24
3950,301.35
3951,197.15
3952,375.87
3953,354.1
3954,100.64
3955,163.79
3956,73.39
3957,106.27
3958,75.62
3959,114.85
3960,125.28
3961,147.105
3962,103.81
3963,112.03
3964,342.7
3965,350.44
3966,342.69
3967,340.23
3968,362.26
3969,353.27
3970,229.91
3971,250.3
3972,332.44
3973,343.89
3974,57.18
3975,211.27
3976,111.45
3977,206.86
3978,88.09
3979,210.15
3980,431.36
3981,378.1
3982,360.96
3983,145.31
3984,146.81
3985,360.48
3986,360.12
3987,210.15
3988,88.64
3989,149.52
3990,143.29
3991,109.08
3992,162.62
3993,104.79
3994,162.73
3995,139.65
3996,135.92
3997,109.98
3998,328.75
3999,133.51
4000,120.14
4001,78.62
4002,224.11
4003,328.16
4004,201.72
4005,189.25
4006,307.8
4007,293.06
4008,199.75
4009,363.37
4010,352.91
4011,319.21
4012,289.25
4013,318.27
4014,317.5
4015,334.56
4016,301.21
4017,212.17
4018,233.82
4019,299.08
4020,321.05
4021,85.1
4022,43.07
4023,46.59
4024,262.86
4025,262.97
4026,184.25
4027,284.93
4028,119.16
4029,295.63
4030,183.73
4031,128.55
4032,80.61
4033,193.56
4034,81.24
4035,201.25
4036,430.62
4037,366.72
4038,346.49
4039,135.54
4040,135.34
4041,345.87
4042,344.72
4043,201.25
4044,81.24
4045,92.45
4046,378.96
4047,103.55
4048,255.62
4049,94.08
4050,116.99
4051,162.77
4052,255.26
4053,74.12
4054,120.85
4055,79.23
4056,178.71
4057,89.15
4058,81.79
4059,93.89
4060,92.91
4061,196.37
4062,163.28
4063,103.7
4064,151.83
4065,74.56
4066,110.22
4067,188.92
4068,167.07
4069,176.91
4070,279.52
4071,171.93
4072,164.98
4073,191.68
4074,122.74
4075,122.85
4076,129.67
4077,112.2
4078,164.57
4079,273.58
4080,68.74
4081,257.77
4082,260.04
4083,160.38
4084,252.55
4085,114.74
4086,285.0
4087,176.22
4088,125.68
4089,79.51
4090,216.08
4091,123.09
4092,122.56
4093,130.29
4094,115.0
4095,167.31
4096,290.98
4097,69.53
4098,106.56
4099,69.35
4100,46.86
4101,92.18
4102,102.84
4103,203.25
4104,93.78
4105,205.26
4106,433.99
4107,384.61
4108,367.07
4109,146.2
4110,146.69
4111,366.9
4112,364.19
4113,205.3
4114,90.79
4115,82.51
4116,84.03
4117,132.39
4118,62.65
4119,58.73
4120,89.13
4121,82.51
4122,85.11
4123,58.03
4124,64.34
4125,157.98
4126,154.7
4127,273.35
4128,63.21
4129,156.96
4130,95.93
4131,196.27
4132,184.51
4133,116.06
4134,159.21
4135,63.42
4136,268.36
4137,268.36
4138,184.82
4139,290.35
4140,121.62
4141,296.19
4142,186.89
4143,129.24
4144,84.37
4145,66.69
4146,121.37
4147,92.43
4148,143.29
4149,71.67
4150,65.58
4151,271.4
4152,240.36
4153,296.73
4154,134.66
4155,220.06
4156,84.85
4157,184.68
4158,84.37
4159,328.37
4160,182.76
4161,378.04
4162,128.92
4163,138.84
4164,148.54
4165,139.54
4166,196.61
4167,140.4
4168,265.75
4169,93.04
4170,59.54
4171,135.13
4172,235.75
4173,59.86
4174,156.23
4175,70.04
4176,131.35
4177,97.19
4178,153.79
4179,78.13
4180,70.5
4181,72.13
4182,94.63
4183,369.61
4184,104.11
4185,244.75
4186,56.56
4187,215.84
4188,110.46
4189,127.79
4190,147.11
4191,149.3
4192,148.99
4193,194.47
4194,146.47
4195,273.49
4196,93.77
4197,61.72
4198,147.24
4199,240.91
4200,63.35
4201,158.42
4202,344.86
4203,255.36
4204,345.32
4205,346.51
4206,368.44
4207,269.37
4208,232.65
4209,252.87
4210,287.32
4211,317.21
4212,214.16
4213,120.16
4214,119.53
4215,128.01
4216,110.99
4217,166.28
4218,287.46
4219,69.1
4220,95.29
4221,76.76
4222,103.63
4223,44.74
4224,180.94
4225,113.84
4226,152.01
4227,131.85
4228,97.22
4229,78.78
4230,107.41
4231,46.87
4232,149.55
4233,147.65
4234,91.38
4235,365.25
4236,99.92
4237,232.95
4238,255.05
4239,267.04
4240,283.53
4241,130.87
4242,208.0
4243,83.66
4244,177.92
4245,85.13
4246,298.32
4247,173.6
4248,312.64
4249,102.49
4250,314.35
4251,123.31
4252,112.45
4253,72.05
4254,210.08
4255,310.3
4256,195.51
4257,180.64
4258,295.15
4259,287.47
4260,194.47
4261,355.74
4262,332.25
4263,161.25
4264,158.59
4265,284.14
4266,63.23
4267,159.43
4268,97.42
4269,201.82
4270,187.17
4271,119.17
4272,160.83
4273,63.26
4274,182.51
4275,114.04
4276,155.84
4277,133.94
4278,147.96
4279,145.44
4280,262.83
4281,58.97
4282,147.02
4283,90.38
4284,187.8
4285,180.25
4286,109.29
4287,150.51
4288,59.0
4289,189.43
4290,118.01
4291,162.01
4292,140.96
4293,254.72
4294,231.37
4295,308.56
4296,129.84
4297,206.87
4298,82.62
4299,188.18
4300,87.58
4301,290.72
4302,172.54
4303,324.26
4304,275.8
4305,276.35
4306,175.7
4307,267.98
4308,123.56
4309,299.57
4310,192.12
4311,130.6
4312,87.28
4313,177.31
4314,114.76
4315,153.18
4316,131.54
4317,86.79
4318,71.64
4319,100.49
4320,41.89
4321,53.06
4322,204.03
4323,104.29
4324,80.91
4325,81.55
4326,129.89
4327,59.96
4328,81.32
4329,80.91
4330,81.51
4331,59.04
4332,56.17
4333,215.28
4334,110.91
4335,126.34
4336,144.68
4337,146.9
4338,146.08
4339,202.6
4340,144.21
4341,298.63
4342,90.11
4343,59.71
4344,145.35
4345,255.96
4346,60.1
4347,168.13
4348,177.71
4349,105.64
4350,170.08
4351,76.16
4352,121.73
4353,212.77
4354,176.06
4355,187.41
4356,303.05
4357,178.32
4358,176.31
4359,119.4
4360,143.52
4361,66.42
4362,57.17
4363,187.13
4364,106.27
4365,76.28
4366,136.93
4367,135.15
4368,83.01
4369,84.59
4370,133.64
4371,61.18
4372,83.08
4373,83.01
4374,84.61
4375,59.86
4376,97.15
4377,116.81
4378,166.24
4379,255.22
4380,269.57
4381,269.57
4382,187.46
4383,295.96
4384,120.87
4385,300.41
4386,188.57
4387,128.67
4388,83.69
4389,149.56
4390,141.47
4391,110.01
4392,162.07
4393,103.92
4394,161.91
4395,139.54
4396,136.71
4397,98.42
4398,156.3
4399,70.76
4400,105.2
4401,76.3
4402,113.98
4403,123.71
4404,150.61
4405,104.19
4406,122.87
4407,81.56
4408,81.94
4409,130.48
4410,60.59
4411,59.68
4412,85.82
4413,81.56
4414,82.79
4415,58.8
4416,63.43
4417,51.29
4418,202.43
4419,106.76
4420,280.69
4421,280.73
4422,186.0
4423,296.39
4424,126.62
4425,308.94
4426,194.69
4427,134.11
4428,86.35
4429,79.1
4430,121.73
4431,78.75
4432,174.19
4433,89.84
4434,82.22
4435,96.28
4436,94.09
4437,196.51
4438,217.09
4439,125.48
4440,124.85
4441,138.7
4442,119.64
4443,174.83
4444,296.8
4445,73.26
4446,147.18
4447,140.32
4448,146.12
4449,144.39
4450,260.44
4451,58.96
4452,144.94
4453,90.2
4454,184.16
4455,174.32
4456,107.05
4457,146.9
4458,58.66
4459,94.32
4460,118.21
4461,163.29
4462,280.61
4463,78.3
4464,123.09
4465,80.11
4466,178.55
4467,90.98
4468,83.78
4469,94.76
4470,92.93
4471,196.13
4472,78.46
4473,122.72
4474,79.65
4475,177.09
4476,90.4
4477,83.12
4478,95.88
4479,94.08
4480,196.29
4481,177.45
4482,118.64
4483,116.93
4484,120.9
4485,106.66
4486,158.15
4487,247.92
4488,66.12
4489,188.48
4490,88.13
4491,194.55
4492,258.22
4493,265.7
4494,289.01
4495,131.02
4496,130.8
4497,324.25
4498,297.16
4499,192.48
4500,82.1
4501,132.78
4502,147.52
4503,156.12
4504,150.88
4505,204.99
4506,148.68
4507,267.62
4508,97.51
4509,59.74
4510,140.89
4511,245.73
4512,60.05
4513,165.12
4514,106.86
4515,323.49
4516,126.13
4517,113.44
4518,73.7
4519,210.56
4520,313.78
4521,193.96
4522,182.61
4523,291.78
4524,279.66
4525,189.12
4526,339.51
4527,323.09
4528,86.52
4529,71.34
4530,98.5
4531,41.89
4532,94.78
4533,379.26
4534,106.16
4535,259.12
4536,193.21
4537,85.74
4538,201.16
4539,426.65
4540,378.16
4541,362.45
4542,136.93
4543,135.89
4544,362.03
4545,361.14
4546,201.19
4547,86.83
4548,149.31
4549,72.91
4550,63.71
4551,153.42
4552,76.5
4553,65.96
4554,104.49
4555,66.75
4556,45.08
4557,88.6
4558,99.11
4559,57.74
4560,215.27
4561,116.5
4562,108.44
4563,110.58
4564,57.15
4565,131.21
4566,151.35
4567,59.27
4568,57.63
4569,93.86
4570,115.09
4571,162.43
4572,280.68
4573,264.0
4574,154.32
4575,105.88
4576,182.64
4577,180.79
4578,153.33
4579,110.12
4580,83.37
4581,115.97
4582,82.06
4583,78.34
4584,72.5
4585,117.71
4586,74.61
4587,159.65
4588,82.67
4589,77.7
4590,91.52
4591,91.03
4592,190.81
4593,150.03
4594,148.15
4595,183.97
4596,116.68
4597,116.68
4598,127.06
4599,105.52
4600,158.67
4601,254.69
4602,66.05
4603,103.0
4604,119.86
4605,173.49
4606,261.12
4607,146.16
4608,143.93
4609,150.36
4610,148.12
4611,274.36
4612,63.07
4613,148.66
4614,95.7
4615,195.61
4616,182.61
4617,112.45
4618,149.25
4619,63.16
4620,330.58
4621,295.53
4622,329.16
4623,329.27
4624,341.86
4625,302.62
4626,224.12
4627,239.31
4628,312.36
4629,327.63
4630,96.03
4631,78.16
4632,105.5
4633,46.61
4634,264.62
4635,264.62
4636,182.27
4637,282.84
4638,119.6
4639,292.5
4640,183.35
4641,128.88
4642,82.19
4643,208.74
4644,95.65
4645,212.43
4646,344.65
4647,290.52
4648,333.87
4649,142.8
4650,142.56
4651,342.11
4652,328.21
4653,209.79
4654,91.1
4655,275.95
4656,275.95
4657,192.21
4658,291.5
4659,123.08
4660,367.41
4661,190.88
4662,128.39
4663,85.23
4664,177.27
4665,116.08
4666,158.36
4667,135.38
4668,57.57
4669,216.73
4670,116.51
4671,95.08
4672,111.86
4673,161.26
4674,250.64
4675,106.44
4676,323.5
4677,125.69
4678,111.99
4679,74.93
4680,211.23
4681,314.5
4682,199.29
4683,183.16
4684,296.79
4685,291.46
4686,191.61
4687,356.01
4688,339.21
4689,52.03
4690,204.06
4691,104.22
4692,100.78
4693,121.79
4694,166.31
4695,294.26
4696,92.08
4697,373.45
4698,103.62
4699,250.11
4700,104.89
4701,122.04
4702,176.01
4703,272.76
4704,95.24
4705,76.96
4706,105.93
4707,45.03
4708,174.39
4709,113.73
4710,152.88
4711,132.74
4712,117.33
4713,141.98
4714,208.69
4715,133.37
4716,245.32
4717,175.02
4718,81.08
4719,188.41
4720,109.84
4721,115.55
4722,54.8
4723,58.55
4724,127.64
4725,151.04
4726,184.32
4727,60.23
4728,101.14
4729,58.02
4730,80.13
4731,126.51
4732,81.81
4733,183.26
4734,93.59
4735,86.19
4736,98.65
4737,94.84
4738,202.2
4739,188.15
4740,82.47
4741,195.88
4742,292.26
4743,266.52
4744,286.02
4745,131.22
4746,133.86
4747,320.05
4748,299.41
4749,201.19
4750,82.56
4751,107.45
4752,113.06
4753,54.7
4754,57.27
4755,129.41
4756,152.74
4757,157.13
4758,59.75
4759,93.9
4760,58.07
4761,114.44
4762,144.81
4763,222.0
4764,126.69
4765,225.35
4766,172.19
4767,83.84
4768,181.38
4769,103.3
4770,105.5
4771,54.99
4772,124.41
4773,143.16
4774,57.77
4775,55.27
4776,117.54
4777,145.81
4778,64.81
4779,57.52
4780,154.33
4781,101.16
4782,71.14
4783,124.2
4784,127.5
4785,119.57
4786,143.66
4787,66.55
4788,57.3
4789,187.0
4790,107.4
4791,77.15
4792,137.58
4793,135.59
4794,155.53
4795,153.53
4796,265.92
4797,63.74
4798,153.53
4799,94.34
4800,194.98
4801,180.71
4802,113.25
4803,156.05
4804,63.97
4805,79.12
4806,123.96
4807,80.99
4808,176.45
4809,91.8
4810,85.17
4811,96.86
4812,94.47
4813,198.04
4814,88.1
4815,45.12
4816,47.99
4817,53.06
4818,204.16
4819,104.29
4820,274.69
4821,276.24
4822,170.73
4823,271.86
4824,122.06
4825,302.23
4826,187.91
4827,131.9
4828,85.09
4829,258.1
4830,260.35
4831,160.52
4832,252.1
4833,115.1
4834,284.57
4835,176.24
4836,125.73
4837,79.58
4838,111.68
4839,139.16
4840,217.96
4841,125.02
4842,218.98
4843,175.11
4844,82.96
4845,178.61
4846,104.42
4847,119.45
4848,172.47
4849,276.34
4850,87.4
4851,88.75
4852,132.3
4853,66.23
4854,61.53
4855,88.82
4856,87.41
4857,89.45
4858,59.56
4859,64.95
4860,345.77
4861,348.86
4862,344.25
4863,343.64
4864,363.96
4865,352.17
4866,234.94
4867,255.74
4868,320.41
4869,344.01
4870,160.73
4871,108.4
4872,188.53
4873,189.48
4874,158.37
4875,103.28
4876,86.34
4877,120.29
4878,82.71
4879,149.83
4880,76.06
4881,65.67
4882,94.1
4883,118.17
4884,162.06
4885,256.2
4886,94.05
4887,76.97
4888,104.76
4889,45.85
4890,95.63
4891,77.78
4892,105.06
4893,45.94
4894,258.37
4895,233.08
4896,299.74
4897,133.59
4898,204.02
4899,82.61
4900,185.11
4901,86.8
4902,288.52
4903,168.72
4904,349.84
4905,80.11
4906,44.05
4907,119.47
4908,142.99
4909,66.27
4910,57.28
4911,189.04
4912,105.41
4913,76.52
4914,136.8
4915,134.92
4916,78.75
4917,119.57
4918,78.95
4919,166.64
4920,87.51
4921,81.65
4922,93.03
4923,92.97
4924,191.58
4925,74.61
4926,116.56
4927,78.03
4928,163.61
4929,86.02
4930,80.96
4931,92.17
4932,92.83
4933,194.1
4934,170.1
4935,102.3
4936,158.14
4937,72.93
4938,117.0
4939,205.0
4940,171.66
4941,174.62
4942,283.24
4943,171.54
4944,164.89
4945,169.52
4946,102.94
4947,158.43
4948,73.12
4949,116.81
4950,204.87
4951,173.06
4952,175.31
4953,288.71
4954,171.71
4955,171.05
4956,197.92
4957,87.92
4958,202.8
4959,265.83
4960,278.18
4961,302.27
4962,136.78
4963,137.35
4964,334.06
4965,311.78
4966,200.01
4967,84.4
4968,159.28
4969,148.66
4970,113.1
4971,168.1
4972,110.7
4973,168.36
4974,150.25
4975,141.99
4976,151.35
4977,143.46
4978,108.95
4979,162.43
4980,106.25
4981,162.43
4982,140.8
4983,138.78
4984,152.94
4985,143.58
4986,110.27
4987,162.1
4988,106.34
4989,162.1
4990,139.37
4991,139.14
4992,97.79
4993,116.89
4994,167.96
4995,280.94
4996,192.86
4997,87.77
4998,201.85
4999,349.3
5000,354.34
5001,360.59
5002,140.12
5003,141.66
5004,360.13
5005,338.83
5006,201.68
5007,88.46
5008,103.06
5009,313.93
5010,123.27
5011,112.39
5012,72.32
5013,207.45
5014,310.07
5015,195.38
5016,180.83
5017,295.29
5018,288.36
5019,193.64
5020,355.01
5021,331.07
5022,107.26
5023,331.06
5024,132.26
5025,113.7
5026,76.26
5027,205.59
5028,330.59
5029,192.02
5030,186.58
5031,309.12
5032,292.43
5033,190.28
5034,363.83
5035,351.52
5036,56.99
5037,218.3
5038,111.53
5039,115.62
5040,140.78
5041,212.04
5042,134.2
5043,220.14
5044,173.12
5045,81.04
5046,182.69
5047,66.36
5048,124.4
5049,91.62
5050,147.15
5051,73.43
5052,66.18
5053,68.37
5054,178.7
5055,114.34
5056,151.96
5057,132.05
5058,128.75
5059,150.6
5060,151.71
5061,152.01
5062,198.35
5063,150.68
5064,292.79
5065,94.93
5066,62.53
5067,150.52
5068,250.54
5069,62.95
5070,161.46
5071,68.82
5072,128.98
5073,93.78
5074,149.97
5075,73.44
5076,68.0
5077,69.21
5078,151.77
5079,149.88
5080,275.66
5081,63.51
5082,150.02
5083,95.6
5084,196.48
5085,182.63
5086,113.74
5087,150.79
5088,63.7
5089,260.31
5090,235.23
5091,299.65
5092,135.5
5093,214.19
5094,85.72
5095,186.26
5096,86.77
5097,334.0
5098,184.41
5099,371.26
5100,151.36
5101,149.46
5102,274.37
5103,63.02
5104,149.67
5105,95.85
5106,195.04
5107,180.49
5108,112.7
5109,149.59
5110,63.11
5111,69.01
5112,128.15
5113,93.58
5114,149.86
5115,73.52
5116,67.81
5117,69.19
5118,152.24
5119,150.91
5120,86.92
5121,71.56
5122,100.11
5123,41.89
5124,86.85
5125,71.61
5126,100.4
5127,41.89
5128,170.79
5129,104.73
5130,160.32
5131,76.52
5132,118.06
5133,202.53
5134,170.6
5135,182.21
5136,296.54
5137,175.1
5138,168.61
5139,57.42
5140,215.36
5141,110.82
5142,86.86
5143,71.66
5144,100.46
5145,41.89
5146,83.6
5147,85.31
5148,132.29
5149,63.35
5150,61.58
5151,88.82
5152,83.81
5153,85.19
5154,59.96
5155,64.0
5156,169.52
5157,102.94
5158,158.43
5159,73.12
5160,116.81
5161,204.87
5162,173.06
5163,175.31
5164,288.71
5165,171.71
5166,171.05
5167,107.89
5168,139.14
5169,216.17
5170,120.66
5171,215.38
5172,168.92
5173,76.79
5174,176.27
5175,73.51
5176,135.83
5177,100.37
5178,159.08
5179,79.81
5180,73.86
5181,74.84
5182,69.87
5183,128.93
5184,96.19
5185,149.78
5186,76.9
5187,69.59
5188,102.97
5189,271.2
5190,123.31
5191,114.08
5192,73.56
5193,218.77
5194,256.7
5195,190.06
5196,177.42
5197,270.62
5198,256.36
5199,188.15
5200,275.53
5201,318.12
5202,345.67
5203,301.98
5204,341.19
5205,344.13
5206,337.9
5207,311.77
5208,230.61
5209,252.4
5210,318.06
5211,329.62
5212,83.69
5213,85.43
5214,135.27
5215,62.38
5216,86.55
5217,83.68
5218,85.26
5219,60.81
5220,168.9
5221,107.76
5222,144.14
5223,125.29
5224,341.53
5225,398.01
5226,339.53
5227,339.53
5228,361.55
5229,352.34
5230,231.01
5231,249.21
5232,330.11
5233,341.8
5234,346.18
5235,397.26
5236,344.15
5237,344.15
5238,367.52
5239,357.79
5240,234.99
5241,253.0
5242,335.07
5243,347.05
5244,105.12
5245,108.92
5246,53.57
5247,55.56
5248,125.3
5249,151.55
5250,162.98
5251,57.85
5252,95.65
5253,56.29
5254,217.77
5255,124.12
5256,124.12
5257,132.65
5258,118.6
5259,170.67
5260,301.36
5261,71.31
5262,108.56
5263,138.23
5264,211.23
5265,125.33
5266,217.27
5267,170.05
5268,76.01
5269,182.12
5270,109.53
5271,114.45
5272,55.14
5273,57.83
5274,130.01
5275,151.36
5276,167.52
5277,59.78
5278,100.31
5279,58.94
5280,99.87
5281,117.5
5282,167.93
5283,277.6
5284,189.04
5285,88.12
5286,195.02
5287,257.57
5288,266.18
5289,288.84
5290,130.83
5291,130.62
5292,324.55
5293,297.31
5294,193.05
5295,82.12
5296,53.61
5297,208.14
5298,106.92
5299,161.94
5300,101.19
5301,157.01
5302,72.95
5303,114.78
5304,195.2
5305,164.4
5306,173.78
5307,279.51
5308,169.48
5309,159.96
5310,147.39
5311,148.05
5312,85.79
5313,45.36
5314,49.88
5315,90.14
5316,75.06
5317,102.18
5318,43.0
5319,154.39
5320,152.6
5321,251.49
5322,58.91
5323,152.93
5324,90.06
5325,187.47
5326,175.59
5327,110.27
5328,152.97
5329,58.98
5330,78.8
5331,121.8
5332,80.15
5333,173.14
5334,89.86
5335,83.89
5336,92.74
5337,92.25
5338,192.08
5339,110.58
5340,137.74
5341,61.62
5342,52.32
5343,146.34
5344,93.93
5345,67.28
5346,116.51
5347,119.86
5348,168.9
5349,107.76
5350,144.14
5351,125.29
5352,180.64
5353,115.71
5354,157.26
5355,134.63
5356,95.89
5357,77.03
5358,106.7
5359,45.89
5360,79.07
5361,124.27
5362,80.78
5363,175.34
5364,91.28
5365,85.12
5366,97.29
5367,94.34
5368,200.07
5369,278.71
5370,159.81
5371,112.34
5372,194.5
5373,191.26
5374,166.04
5375,106.42
5376,87.01
5377,123.66
5378,83.22
5379,81.16
5380,87.1
5381,46.69
5382,202.36
5383,88.43
5384,207.08
5385,340.07
5386,276.3
5387,329.57
5388,137.61
5389,137.69
5390,339.78
5391,312.56
5392,202.42
5393,86.36
5394,109.65
5395,115.24
5396,55.2
5397,57.89
5398,138.46
5399,158.03
5400,162.36
5401,60.48
5402,95.51
5403,59.21
5404,198.28
5405,125.4
5406,125.4
5407,138.14
5408,118.36
5409,174.17
5410,281.55
5411,72.39
5412,77.12
5413,122.43
5414,79.08
5415,176.5
5416,91.18
5417,82.77
5418,96.89
5419,93.8
5420,199.12
5421,66.88
5422,126.31
5423,92.03
5424,149.93
5425,74.87
5426,67.74
5427,69.74
5428,313.11
5429,328.54
5430,316.75
5431,309.44
5432,338.65
5433,326.35
5434,210.41
5435,231.36
5436,305.08
5437,320.63
5438,126.19
5439,150.01
5440,151.31
5441,150.84
5442,197.25
5443,150.08
5444,291.4
5445,91.59
5446,58.61
5447,149.75
5448,250.54
5449,58.84
5450,161.05
5451,279.7
5452,279.74
5453,185.6
5454,301.0
5455,127.02
5456,309.01
5457,194.55
5458,134.92
5459,86.28
5460,84.04
5461,42.01
5462,46.13
5463,100.69
5464,132.6
5465,203.56
5466,118.74
5467,210.04
5468,158.67
5469,81.3
5470,174.54
5471,146.12
5472,144.39
5473,260.44
5474,58.96
5475,144.94
5476,90.2
5477,184.16
5478,174.32
5479,107.05
5480,146.9
5481,58.66
5482,88.53
5483,76.95
5484,100.85
5485,41.06
5486,83.26
5487,85.1
5488,132.31
5489,62.82
5490,60.75
5491,89.55
5492,83.22
5493,85.5
5494,59.65
5495,64.77
5496,265.43
5497,151.81
5498,103.89
5499,181.65
5500,179.55
5501,157.53
5502,107.23
5503,81.9
5504,114.47
5505,82.26
5506,78.36
5507,110.17
5508,331.95
5509,131.13
5510,120.11
5511,77.9
5512,213.26
5513,329.07
5514,200.22
5515,189.42
5516,305.47
5517,290.56
5518,198.4
5519,353.36
5520,330.92
5521,102.47
5522,312.55
5523,123.32
5524,109.73
5525,72.46
5526,206.34
5527,310.32
5528,187.4
5529,177.18
5530,288.87
5531,278.4
5532,186.82
5533,345.5
5534,331.06
5535,166.3
5536,107.18
5537,77.25
5538,114.75
5539,121.44
5540,150.0
5541,108.54
5542,125.77
5543,86.74
5544,88.26
5545,136.23
5546,66.21
5547,61.59
5548,89.55
5549,86.86
5550,89.08
5551,59.91
5552,65.72
5553,153.2
5554,143.55
5555,110.0
5556,162.45
5557,106.12
5558,162.45
5559,139.89
5560,138.91
5561,156.13
5562,144.61
5563,111.19
5564,162.93
5565,107.52
5566,162.55
5567,147.58
5568,140.28
5569,88.49
5570,44.3
5571,48.24
5572,108.93
5573,325.7
5574,132.96
5575,119.61
5576,77.91
5577,223.79
5578,324.71
5579,197.08
5580,189.91
5581,307.04
5582,291.0
5583,196.55
5584,352.95
5585,328.05
5586,103.5
5587,168.46
5588,76.4
5589,109.65
5590,80.55
5591,120.17
5592,129.31
5593,149.87
5594,107.39
5595,113.29
5596,125.34
5597,146.83
5598,148.47
5599,148.55
5600,195.1
5601,146.6
5602,280.83
5603,91.51
5604,58.01
5605,146.39
5606,243.53
5607,58.84
5608,159.57
5609,150.85
5610,148.63
5611,108.39
5612,279.12
5613,131.41
5614,119.04
5615,76.41
5616,231.34
5617,266.25
5618,199.76
5619,187.6
5620,283.68
5621,273.27
5622,195.68
5623,283.31
5624,325.96
5625,149.75
5626,142.07
5627,106.95
5628,156.12
5629,102.98
5630,156.19
5631,134.76
5632,133.98
5633,111.51
5634,136.68
5635,62.72
5636,52.92
5637,154.42
5638,100.52
5639,71.83
5640,119.52
5641,124.57
5642,85.89
5643,45.92
5644,97.87
5645,68.23
5646,45.44
5647,89.12
5648,94.27
5649,277.67
5650,159.79
5651,108.27
5652,190.65
5653,186.62
5654,157.62
5655,105.96
5656,86.51
5657,123.71
5658,84.12
5659,80.84
5660,56.11
5661,216.37
5662,110.12
5663,185.3
5664,117.37
5665,158.74
5666,140.7
5667,106.28
5668,278.52
5669,127.12
5670,115.1
5671,75.93
5672,226.55
5673,263.66
5674,194.37
5675,182.88
5676,275.56
5677,265.26
5678,192.16
5679,282.5
5680,325.9
5681,146.35
5682,144.47
5683,261.99
5684,59.11
5685,145.21
5686,90.26
5687,184.04
5688,173.5
5689,107.03
5690,145.68
5691,59.0
5692,166.38
5693,110.17
5694,80.16
5695,114.5
5696,127.2
5697,153.13049999999998
5698,109.28
5699,126.17
5700,166.49
5701,108.03
5702,144.17
5703,125.25
5704,339.36
5705,263.2
5706,340.53
5707,341.05
5708,348.2
5709,276.93
5710,229.16
5711,252.44
5712,318.51
5713,329.74
5714,118.84
5715,142.94
5716,66.67
5717,57.57
5718,164.73
5719,106.19
5720,76.96
5721,125.3
5722,135.73
5723,272.95
5724,274.29
5725,168.53
5726,268.71
5727,121.16
5728,299.59
5729,187.92
5730,131.46
5731,84.56
5732,119.45
5733,145.33
5734,66.41
5735,57.55
5736,166.41
5737,108.94
5738,76.11
5739,128.17
5740,134.74
5741,200.47
5742,88.54
5743,204.74
5744,349.17
5745,285.68
5746,339.16
5747,142.63
5748,142.79
5749,339.08
5750,333.74
5751,204.74
5752,87.8
5753,95.99
5754,76.97
5755,106.7
5756,46.01
5757,121.51
5758,148.03
5759,150.88
5760,149.9
5761,196.8
5762,145.18
5763,253.8
5764,86.36
5765,57.04
5766,153.12
5767,247.19
5768,57.04
5769,156.55
5770,53.04
5771,210.49
5772,105.4
5773,156.64
5774,153.68
5775,261.59
5776,63.49
5777,155.34
5778,94.59
5779,192.72
5780,179.19
5781,114.93
5782,152.79
5783,63.92
5784,145.49
5785,71.87
5786,62.84
5787,262.42
5788,262.53
5789,183.13
5790,281.1
5791,119.1
5792,295.12
5793,183.92
5794,128.3
5795,80.96
5796,112.35
5797,337.86
5798,133.96
5799,122.15
5800,81.44
5801,223.87
5802,299.59
5803,205.61
5804,189.52
5805,309.21
5806,276.11
5807,201.53
5808,353.32
5809,342.39
5810,56.77
5811,217.45
5812,113.39
5813,89.87
5814,46.45
5815,50.26
5816,88.19
5817,47.17
5818,101.38
5819,118.23
5820,164.59
5821,294.33
5822,111.58
5823,114.76
5824,55.4
5825,58.21
5826,134.92
5827,155.9
5828,183.07
5829,60.53
5830,106.84
5831,59.25
5832,269.08
5833,269.08
5834,186.05
5835,286.93
5836,120.73
5837,295.37
5838,187.68
5839,128.68
5840,83.91
5841,87.55
5842,44.71
5843,49.0
5844,108.16
5845,324.8
5846,131.08
5847,119.68
5848,76.88
5849,223.67
5850,290.37
5851,202.53
5852,188.82
5853,302.97
5854,270.27
5855,200.58
5856,350.8
5857,329.48
5858,325.57
5859,394.72
5860,321.96
5861,321.96
5862,356.34
5863,353.53
5864,228.09
5865,249.27
5866,331.15
5867,338.41
5868,166.86
5869,107.48
5870,79.33
5871,114.93
5872,121.64
5873,150.03
5874,108.46
5875,127.15
5876,151.73
5877,76.23
5878,65.15
5879,155.87
5880,153.89
5881,271.26
5882,63.48
5883,154.29
5884,96.38
5885,194.74
5886,179.71
5887,112.31
5888,151.24
5889,63.46
5890,153.74
5891,145.56
5892,110.99
5893,163.22
5894,106.34
5895,163.41
5896,140.65
5897,139.64
5898,180.73
5899,122.76
5900,121.35
5901,121.89
5902,109.7
5903,163.9
5904,255.91
5905,68.39
5906,78.8
5907,121.26
5908,80.19
5909,173.03
5910,89.31
5911,83.71
5912,92.53
5913,92.25
5914,191.8
5915,69.57
5916,129.98
5917,96.19
5918,152.99
5919,78.12
5920,69.59
5921,71.39
5922,339.06
5923,253.24
5924,340.58
5925,340.48
5926,358.91
5927,266.05
5928,228.55
5929,251.04
5930,282.37
5931,307.36
5932,203.83
5933,87.69
5934,206.19
5935,431.06
5936,378.22
5937,359.42
5938,140.91
5939,143.3
5940,359.02
5941,355.27
5942,205.99
5943,87.12
5944,94.83
5945,112.36
5946,163.35
5947,261.66
5948,103.63
5949,165.28
5950,76.71
5951,108.98
5952,80.9
5953,117.39
5954,131.0
5955,149.06
5956,107.16
5957,114.63
5958,189.7
5959,85.75
5960,200.38
5961,345.84
5962,352.61
5963,359.7
5964,139.27
5965,138.12
5966,359.23
5967,337.28
5968,200.21
5969,84.22
5970,148.31
5971,146.6
5972,285.16
5973,169.61
5974,116.87
5975,201.81
5976,200.3
5977,171.52
5978,112.86
5979,91.59
5980,124.94
5981,86.71
5982,86.24
5983,103.43
5984,121.28
5985,173.73
5986,278.71
5987,86.58
5988,46.95
5989,87.61
5990,44.98
5991,48.84
5992,283.41
5993,162.41
5994,113.72
5995,195.23
5996,199.6
5997,169.31
5998,110.16
5999,88.15
6000,126.96
6001,84.9
6002,82.65
6003,102.49
6004,314.35
6005,123.31
6006,112.45
6007,72.05
6008,210.08
6009,310.3
6010,195.51
6011,180.64
6012,295.15
6013,287.47
6014,194.47
6015,355.74
6016,332.25
6017,96.54
6018,79.14
6019,107.29
6020,46.92
6021,93.55
6022,68.08
6023,45.3
6024,89.49
6025,92.72
6026,101.57
6027,121.03
6028,169.33
6029,258.24
6030,53.61
6031,208.23
6032,106.9
6033,163.99
6034,105.3
6035,153.07
6036,75.68
6037,110.93
6038,189.86
6039,169.37
6040,183.2
6041,279.97
6042,172.98
6043,166.59
6044,102.03
6045,119.89
6046,169.16
6047,270.93
6048,273.1
6049,243.1
6050,307.93
6051,143.35
6052,221.43
6053,91.18
6054,200.02
6055,90.86
6056,331.66
6057,190.18
6058,382.95
6059,104.9
6060,322.4
6061,126.09
6062,109.7
6063,74.06
6064,208.93
6065,314.73
6066,189.85
6067,181.87
6068,298.9
6069,283.84
6070,180.69
6071,356.87
6072,339.37
6073,202.22
6074,89.06
6075,202.44
6076,304.53
6077,276.92
6078,304.54
6079,134.69
6080,138.21
6081,338.55
6082,309.23
6083,208.3
6084,88.6
6085,134.91
6086,154.24
6087,157.17
6088,150.46
6089,203.5
6090,147.85
6091,272.85
6092,99.35
6093,60.29
6094,158.77
6095,255.56
6096,60.76
6097,164.31
6098,196.86
6099,82.86
6100,204.8
6101,431.06
6102,378.08
6103,359.71
6104,140.0
6105,139.12
6106,359.31
6107,351.76
6108,204.6
6109,84.4
6110,216.92
6111,121.28
6112,121.28
6113,130.65
6114,114.07
6115,171.36
6116,299.51
6117,71.32
6118,74.65
6119,117.45
6120,78.76
6121,165.51
6122,86.83
6123,81.59
6124,92.58
6125,92.78
6126,197.03
6127,96.17
6128,376.56
6129,107.53
6130,255.17
6131,340.9
6132,395.39
6133,338.87
6134,338.87
6135,365.53
6136,354.07
6137,232.89
6138,250.15
6139,331.42
6140,344.73
6141,113.29
6142,139.22
6143,62.12
6144,52.86
6145,159.29
6146,103.86
6147,72.04
6148,124.07
6149,127.32
6150,97.03
6151,114.43
6152,161.92
6153,263.29
6154,172.81
6155,113.43
6156,152.92
6157,124.84
6158,227.58
6159,125.87
6160,132.82
6161,126.17
6162,115.05
6163,180.56
6164,304.75
6165,72.6
6166,151.55
6167,76.05
6168,66.38
6169,151.09
6170,148.68
6171,104.48
6172,109.57
6173,53.57
6174,55.06
6175,122.26
6176,145.24
6177,144.57
6178,57.79
6179,89.83
6180,56.26
6181,95.1
6182,111.24
6183,162.46
6184,265.57
6185,183.77
6186,114.3
6187,161.59
6188,131.07
6189,169.53
6190,101.91
6191,163.95
6192,73.11
6193,116.97
6194,206.68
6195,171.06
6196,182.27
6197,293.64
6198,171.67
6199,170.63
6200,86.92
6201,71.61
6202,100.32
6203,41.89
6204,74.18
6205,117.69
6206,76.65
6207,170.78
6208,86.88
6209,79.97
6210,91.25
6211,90.3
6212,190.81
6213,285.13
6214,285.31
6215,191.28
6216,300.95
6217,124.31
6218,350.94
6219,195.26
6220,122.3
6221,85.3
6222,264.0
6223,154.32
6224,105.88
6225,182.64
6226,180.79
6227,153.33
6228,110.12
6229,83.37
6230,115.97
6231,82.06
6232,78.34
6233,175.06
6234,105.57
6235,168.34
6236,75.8
6237,119.79
6238,208.7
6239,175.41
6240,186.86
6241,301.26
6242,176.5
6243,176.49
6244,324.82
6245,342.38
6246,323.63
6247,322.87
6248,349.58
6249,338.94
6250,224.73
6251,236.24
6252,316.15
6253,333.0
6254,184.93
6255,114.89
6256,164.38
6257,134.41
6258,95.77
6259,77.31
6260,107.08
6261,45.7
6262,115.73
6263,140.98
6264,212.04
6265,134.87
6266,220.35
6267,173.15
6268,82.07
6269,182.62
6270,85.71
6271,45.1
6272,49.58
6273,262.75
6274,262.72
6275,176.85
6276,284.13
6277,119.5
6278,297.27
6279,177.27
6280,129.85
6281,81.19
6282,150.41
6283,141.15
6284,106.83
6285,159.52
6286,103.16
6287,159.52
6288,138.37
6289,135.58
6290,101.22
6291,119.39
6292,169.41
6293,260.45
6294,109.98
6295,283.31
6296,131.93
6297,118.49
6298,77.4
6299,207.08
6300,269.45
6301,201.61
6302,181.35
6303,272.61
6304,236.7
6305,199.25
6306,281.22
6307,299.25
6308,95.04
6309,111.07
6310,161.65
6311,260.66
6312,151.4
6313,149.96
6314,273.09
6315,63.82
6316,150.22
6317,95.07
6318,194.91
6319,182.13
6320,113.57
6321,148.68
6322,64.06
6323,192.15
6324,85.13
6325,200.24
6326,333.27
6327,276.71
6328,330.63
6329,133.05
6330,132.75
6331,339.41
6332,306.9
6333,200.19
6334,84.1
6335,93.78
6336,366.5
6337,102.64
6338,236.98
6339,57.5
6340,217.39
6341,113.59
6342,85.3
6343,41.52
6344,46.07
6345,69.23
6346,130.78
6347,95.77
6348,153.56
6349,77.02
6350,68.81
6351,71.03
6352,57.59
6353,218.87
6354,112.19
6355,142.63
6356,70.23
6357,61.5
6358,267.09
6359,237.24
6360,292.28
6361,130.19
6362,210.83
6363,83.23
6364,179.05
6365,82.05
6366,313.59
6367,173.77
6368,364.89
6369,109.57
6370,333.48
6371,129.99
6372,117.85
6373,79.19
6374,215.3
6375,329.57
6376,197.18
6377,186.48
6378,314.19
6379,293.99
6380,197.88
6381,374.48
6382,349.37
6383,95.56
6384,77.01
6385,103.34
6386,45.53
6387,82.81
6388,84.16
6389,133.58
6390,62.56
6391,60.58
6392,89.77
6393,82.83
6394,85.14
6395,59.81
6396,63.7
6397,241.55
6398,254.95
6399,272.79
6400,125.83
6401,202.18
6402,79.17
6403,173.66
6404,79.9
6405,283.83
6406,169.02
6407,301.54
6408,146.14
6409,72.77
6410,62.76
6411,168.94
6412,105.97
6413,144.43
6414,125.29
6415,87.3
6416,77.5
6417,99.3
6418,40.96
6419,204.3
6420,88.41
6421,206.19
6422,431.06
6423,378.08
6424,360.46
6425,140.91
6426,143.3
6427,360.06
6428,360.45
6429,205.99
6430,89.58
6431,73.43
6432,134.59
6433,100.04
6434,156.84
6435,79.2
6436,73.59
6437,74.85
6438,149.67
6439,145.4
6440,110.8
6441,164.8
6442,106.77
6443,164.94
6444,141.56
6445,139.17
6446,153.59
6447,145.56
6448,110.19
6449,163.45
6450,106.21
6451,163.6
6452,140.05
6453,138.27
6454,112.99
6455,138.04
6456,209.94
6457,133.04
6458,218.84
6459,170.87
6460,80.12
6461,181.23
6462,115.03
6463,137.68
6464,208.45
6465,134.27
6466,220.16
6467,170.97
6468,80.13
6469,181.05
6470,106.67
6471,109.24
6472,53.81
6473,55.86
6474,130.85
6475,149.97
6476,184.64
6477,58.83
6478,103.97
6479,57.57
6480,104.23
6481,109.33
6482,53.57
6483,55.88
6484,127.4
6485,150.07
6486,184.64
6487,58.58
6488,98.67
6489,57.78
6490,116.45
6491,140.69
6492,64.24
6493,54.41
6494,158.1
6495,106.33
6496,72.85
6497,121.86
6498,128.62
6499,116.43
6500,141.29
6501,64.43
6502,54.13
6503,161.06
6504,105.74
6505,73.04
6506,127.26
6507,130.33
6508,191.67
6509,87.38
6510,201.77
6511,349.3
6512,354.34
6513,360.59
6514,140.02
6515,141.58
6516,360.13
6517,334.97
6518,201.6
6519,84.67
6520,193.81
6521,87.27
6522,200.72
6523,425.8
6524,377.87
6525,361.63
6526,139.42
6527,142.42
6528,361.29
6529,361.87
6530,200.61
6531,85.35
6532,200.42
6533,87.01
6534,204.75
6535,430.01
6536,374.87
6537,358.21
6538,140.41
6539,142.67
6540,357.7
6541,359.16
6542,204.49
6543,86.24
6544,178.46
6545,104.23
6546,169.62
6547,76.59
6548,121.21
6549,212.34
6550,176.67
6551,188.67
6552,303.24
6553,178.34
6554,177.99
6555,108.47
6556,326.84
6557,128.85
6558,118.73
6559,78.39
6560,203.4
6561,292.39
6562,196.99
6563,185.69
6564,302.25
6565,272.2
6566,197.34
6567,349.28
6568,328.53
6569,195.96
6570,86.6
6571,198.69
6572,343.53
6573,283.01
6574,339.61
6575,138.89
6576,138.68
6577,339.66
6578,333.41
6579,198.75
6580,84.49
6581,125.66
6582,149.16
6583,153.11
6584,153.66
6585,193.45
6586,148.34
6587,275.9
6588,93.35
6589,60.13
6590,152.68
6591,244.95
6592,61.33
6593,159.94
6594,180.19
6595,105.88
6596,163.82
6597,76.35
6598,121.21
6599,213.8
6600,175.72
6601,185.74
6602,305.08
6603,179.77
6604,178.54
6605,105.92
6606,328.96
6607,129.02
6608,113.52
6609,76.81
6610,205.93
6611,327.92
6612,190.3
6613,184.34
6614,302.52
6615,288.94
6616,184.55
6617,358.47
6618,347.83
6619,151.86
6620,143.66
6621,110.74
6622,161.99
6623,106.08
6624,161.99
6625,140.45
6626,140.73
6627,182.03
6628,113.83
6629,158.47
6630,126.76
6631,274.04
6632,275.25
6633,168.32
6634,269.31
6635,122.9
6636,302.15
6637,186.68
6638,132.68
6639,84.92
6640,174.5
6641,113.46
6642,152.82
6643,132.76
